NOMBRE,MUNICIPIO,DEPARTAMENTO,ENE,FEB,MAR,ABR,MAY,JUN,JUL,AGO,SEP,OCT,NOV,DIC,ANUAL
A.Vasquez Cobo,Leticia,Amazonas,4.261503851096589,4.102002065787383,4.220355951056729,4.729920729290528,4.7321428571428585,4.907321839080459,6.050056551174831,6.383548387096775,5.855950191570883,5.512888394512422,5.162846743295019,4.537374860956619,5.037992701838425
Alejandria,Alejandria,Antioquia,4.696358826358827,4.478658661740559,3.7614318053197517,3.8160018602759074,4.648443689869835,4.7560128770201375,6.049980845413782,6.4677482605945595,5.24986498814085,4.41524188669672,4.228070175438596,4.281354282536151,4.7374306799504735
Ita Andes,Andes,Antioquia,5.289407602575998,5.415323617387023,4.3491155745310435,3.8702350107335364,4.0527410234788945,4.586251105216622,5.516544061302683,5.0725328176712114,4.191695549661067,3.9560749491772462,4.36128837330306,4.665616684126786,4.6105688640970985
Anori,Anori,Antioquia,4.523764461448,3.897790993158826,3.167725111603521,2.9324746937200312,3.741561952616572,5.082812568160961,5.921627261825424,5.393004641892038,4.018883064132422,3.335518257891876,3.467726177611235,3.738377140581441,4.101772193720195
Uniban,Apartado,Antioquia,5.242911835093078,4.949164072477651,4.023018284204673,3.6417634315317504,3.920096024607113,3.1905051085568323,4.181935090246546,4.333635176809073,3.9655891150144025,4.388907934913173,4.550075051759835,4.491610022230342,4.239934262287039
Arboletes,Arboletes,Antioquia,7.1007634774339845,6.895441809857519,6.094186086002811,5.049352064057947,4.651355566335193,5.104314563402585,5.173307612678271,5.2212672281370835,4.752971131865656,4.838341563377297,5.906304766277148,6.295193438665788,5.590233275674272
Tulio Ospina,Bello,Antioquia,6.003352837688701,5.331594097775586,5.152587333504464,4.3669548440065675,4.8198951818476425,5.839855546433132,6.7039474659953555,6.179241689507345,5.25535231333913,4.28474833627733,4.648858516586711,5.2956908547623724,5.323506584810361
Piunti Hda,Buritica,Antioquia,4.230392371995821,4.06619896587968,3.6473768167316547,2.876263763102121,2.9804891222129126,2.836732372118035,3.941349686293854,4.193166584467425,3.409551681783825,2.7720722959938753,2.8550693618707896,3.147830923248053,3.4130411621415035
Salada La,Caldas,Antioquia,4.5174383517122365,4.633318805030172,3.899559596924724,2.9911611487703444,3.374641008527994,4.0178823815605424,5.210995176777733,4.970906677286604,3.9974140211640226,3.53841807714617,3.582824196875921,3.764785684745362,4.041612093876819
Canasgordas,Canasgordas,Antioquia,5.405551573078456,5.231434601981517,4.666564646670747,3.6410890082508116,3.673691308691308,4.319817323481117,4.837615184604417,4.492453556753032,3.962476179492671,3.6415189905933247,4.0620666452488035,4.471236753133666,4.367126314331656
Apto Los Cedros,Carepa,Antioquia,5.751098310291859,5.421307699324942,4.58904818797292,4.214367816091953,3.8752304147465444,3.789003831417625,4.2368855606758835,4.40291474654378,4.349367816091955,4.725906562847608,4.748446360153255,4.7113082437276,4.5679071291571605
Tulenapa,Carepa,Antioquia,5.893794306692588,5.397485335781436,4.4116057916595555,4.014984612394659,4.207116783764169,4.209680270023719,4.774023024723802,4.752104501949665,4.529686562904954,4.939556271071305,5.004723439166772,5.2260882666248625,4.7800707638964575
Cacaoteras del Diq,Caucasia,Antioquia,6.696407771203379,5.993124460857595,5.624399040244145,5.097521892460363,5.004875205990195,5.644508618706522,6.499719755741725,6.2269735961512325,5.436347748879278,5.228000941925352,5.509330970859966,5.74825472883315,5.725788727654408
Caseri,Caucasia,Antioquia,6.09180553755971,5.499127043979986,3.9938179168696104,3.790675538730398,4.645601318120905,4.993882959442455,5.982181079302603,5.837381766453249,4.73637307468424,4.739656520832171,4.734290679748397,5.098227535847396,5.011918414297593
Palmera La,Chigorodo,Antioquia,3.4301772523876317,3.797512315270936,2.0899308755760373,2.6866666666666665,2.4475853289006633,2.5200255147151696,2.55760752688172,3.101154535428728,2.7402873563218395,3.3860139185990135,2.9700689655172416,2.7819870967741935,2.875751446086653
Mansa La,Ciudad Bolivar,Antioquia,4.83746880758626,5.063920602386118,4.7777438905180825,4.2268354643132175,4.710526510938079,4.88180240831965,6.189495000943217,6.180634093505061,5.013042784163473,4.196454437911613,4.16639556084027,4.360118650352243,4.883703184314774
Concordia,Concordia,Antioquia,5.066381892077457,5.221239051421728,4.538703799058438,3.731728950740086,4.104214668149797,5.385635753551795,6.145086480769879,5.50878287841191,4.786004826882018,3.672590261644514,3.574123003433348,4.099363908186574,4.652821289527297
Tunez Hda,Fredonia,Antioquia,6.532411863988926,6.449362532202619,5.704739216413301,5.036182514803204,5.155213397602275,5.903853995621237,6.593261185267583,6.43729486687148,5.618719154408808,5.032368545433063,5.487110000226712,5.870977285741555,5.818457879881731
Musinga,Frontino,Antioquia,5.1120137689042755,5.226541987983142,4.145223111728152,3.3039248763423896,3.3269506353861202,4.0009514659031895,4.472205080018264,4.297064898441126,3.6309167429776803,3.659215524352945,4.0612131848037025,4.688874581359557,4.160424654850045
Jardin El,Jardin,Antioquia,4.13513944064834,4.572583203013005,2.981769227713332,2.655033587102553,2.9637480798771123,3.6023316912972088,4.056209677419355,4.399293394777266,3.652063492063492,3.5091380116393416,2.5669540229885057,3.2192114695340504,3.5261229415061304
Miguel Valencia,Jardin,Antioquia,4.783927035330261,4.969447865353038,4.805505190952912,4.202574712643678,4.3991304347826095,5.649575533661741,5.95662958843159,5.451303568645785,4.498784838350056,3.796665228179955,4.338547436365851,4.961181600955794,4.817772752804439
Mesopotamia,La Union,Antioquia,5.538228398890424,5.079391285228367,4.400691826133636,3.937445908988266,4.679611647621936,5.7468937613359525,6.952871047195297,6.683453405017922,5.4796934865900395,3.982242583525345,4.065487514863258,4.84809105796564,5.116175160279673
A.Olaya Herrera,Medellin,Antioquia,5.531633714880332,5.366470681709834,4.760464793617759,4.13069683908046,4.54948843271424,5.53107843137255,6.40056925996205,6.02605858361142,4.926,4.298835125448028,4.5023551949515435,4.944522273425499,5.080681110897809
Villarteaga,Mutata,Antioquia,3.928853125583703,3.7318708946372787,3.067149389114308,2.701881852183577,2.7206354396975154,2.501711366538953,2.6902622735606023,2.551179248090013,2.563585803589433,2.9796753089257253,2.9400495739784422,3.0745063595385567,2.9542800529531754
Mellito El,Necocli,Antioquia,5.984575127834304,5.629821830328036,4.844899122286559,4.060928528663522,3.819536669579839,3.7228215458105116,4.392261019400201,4.358005094016348,4.331096374388245,4.640916408826804,5.082851676160744,5.268962590452023,4.678056332312262
Apto Pto Berrio,Puerto Berrio,Antioquia,6.9790809192494185,6.208422622328491,4.674307687554074,5.328034269095505,5.969819213045019,6.607513835674756,7.291994424532057,7.18752688172043,6.168755449861276,5.708297564612695,6.063837577404759,6.4743439858411795,6.221827869243303
Apto Otu,Remedios,Antioquia,5.649198369915835,5.109059299098737,3.8923252905525803,3.773036787015075,4.377532253810381,5.168819091557817,6.341705042794849,5.811538011772888,4.8118369297346915,4.269956202502796,4.554466640786269,5.1606574618476735,4.910010948449133
A.J M Cordova,Rionegro,Antioquia,5.276120543293718,5.0994184455391345,4.4443667861409795,4.228148148148148,4.9725806451612895,6.001296296296297,6.987174432497013,7.001660692951015,5.788015728977615,4.653944103434765,4.393684210526315,4.523429541595925,5.280819964546851
Selva La,Rionegro,Antioquia,5.083560861274431,4.90354562648196,4.24667413528259,3.7849904214559387,4.46643659996418,5.561335806751002,6.606681257037601,6.330257454844969,5.114421026611764,3.8808463406174134,3.9794864664441976,4.5810194749015665,4.878271289305634
San Carlos,San Carlos,Antioquia,4.312535891731554,4.164307243203796,3.5364927803379413,3.5109811540283795,4.52216041629034,5.289337975243147,6.371488354063437,6.185104310265601,5.04417803460907,4.064787435775199,3.5715615763546795,3.8824485407066054,4.537948642717479
Violetas Las,San Rafael,Antioquia,4.890787489493163,5.010874314382935,4.353554702062625,4.507440993361682,4.89667826889462,5.546329320317825,6.400817359284173,6.202447425732125,5.615631422183948,4.753915984652808,4.387139902314292,4.161941236269771,5.0606298682458295
Nus Gja Exp El,San Roque,Antioquia,5.868966759396567,5.573621889187665,4.19081281419644,4.59016671919787,5.290287853151789,6.178889309923794,6.881741660830278,6.700077267827546,5.82443665997689,5.218416891784522,4.865305265445496,5.247041459639779,5.5358137125465525
Corrientes,San Vicente,Antioquia,5.726180341526152,5.755035040836257,4.710936367163965,4.264391363346104,5.332474987644268,5.576765973888819,6.84699863457928,6.57885200507435,5.896056644880173,4.464617649487387,4.385068196556483,5.491325280110533,5.419058540424481
Aragon,Santa Rosa de Osos,Antioquia,5.109457133440449,4.916965828229317,4.010284426701605,3.3699690060170413,3.8067923925934677,5.137711118930331,6.001423731107747,5.679901690290218,4.363126103188111,3.6040337177069985,3.751644772851669,4.406809280767847,4.513176600152066
Cotove Hda,Santafe de Antioquia,Antioquia,7.108505394901707,6.904832202699621,5.93263429432428,5.394534432301343,5.449286445391257,6.191477755960515,6.910068458585181,6.590209259553531,5.651365751149659,5.387966853819183,5.82952174962186,6.228386424959434,6.131565751938965
Guayabito,Santo Domingo,Antioquia,5.416811973297626,5.001523093764474,3.990203287900371,3.99863910787205,4.524327956989247,5.600014036760421,6.35663712368582,6.221008647601278,4.8030555114148,3.9795197132616495,4.229801061007958,4.691898539593492,4.9011200044290995
Rio Claro,Sonson,Antioquia,4.79996095750128,4.287969253090763,3.294964456071053,4.1285723325206085,4.776477159365785,5.422149695828777,6.427671863048864,5.822955636237181,4.866858919441378,4.418799462498542,4.529095030129512,4.500673934056794,4.773012391649211
Nacional Gja La,Tamesis,Antioquia,6.3439559486645845,6.197571643599971,5.320604290103138,4.485527866318941,4.28917865728946,5.226887019010431,6.278049911327994,6.110362263184845,5.0674037416690805,4.268027437893957,4.672833927863655,5.400212186379927,5.305051241108832
Matanzas,Toledo,Antioquia,5.033333333333332,5.2869663382594405,3.68431899641577,3.591666666666667,3.3575268817204305,3.655,4.001612903225806,3.6832258064516123,3.631904761904762,4.0209677419354835,4.242222222222222,4.613978494623656,4.066893678896599
Honda La,Urrao,Antioquia,5.252751749889639,4.979613129791546,3.991369593848984,3.5627763940096275,3.763695388775242,3.879148938758134,4.477491883095801,4.7240609815269465,3.8423538549241925,3.821269327070027,3.973636830152044,4.46569483067606,4.227821908543188
Urrao,Urrao,Antioquia,5.8105045916195355,5.554112023914782,5.050267404700107,4.1673639940306595,4.409516129032259,5.2813427882658655,5.736641852770886,5.539686953758145,4.411345253299276,4.107593016239377,4.400248337369776,4.970463506028022,4.95325715425239
Sta Isabel,Valdivia,Antioquia,3.960181806029313,3.5828913030729526,2.9829883217667845,2.7678934265586097,3.3324037460978144,3.8070037251150106,4.67193612083481,4.471127184139784,3.774699696371588,3.4293228115558483,4.046504804476068,3.9017860202268166,3.7273949138537836
Vegachi,Vegachi,Antioquia,5.813064516129032,5.202399425287356,3.9373948311639313,4.187487287058226,4.601629764290107,5.593526170798897,6.301244623655913,6.298775388291516,5.308554421768708,4.806290322580645,4.825849206349206,5.161443932411674,5.169804990815434
Rosario El,Venecia,Antioquia,5.6812903225806455,5.691182266009852,5.447096774193548,4.6459629629629635,4.750645161290324,6.189333333333333,7.048709677419356,6.374096774193548,5.20191954022989,3.969221357063403,4.402,5.692010752688172,5.424455743497085
Apto Arauca,Arauca,Arauca,8.753173777315297,8.10158118979031,6.484569892473116,5.351473302757487,4.921856468873463,4.588095238095238,4.709084287200833,5.2847071625477575,5.903543096091482,6.4588886919532085,7.006769820218096,8.02836281651058,6.299342145318906
Saravena,Saravena,Arauca,5.1528345614957125,4.1870131520465215,2.906435879158166,2.7473916163385326,3.2405800090713877,3.208380996168583,3.804068338811556,4.150632123120743,4.76786007041093,5.031809897452278,4.971936916616177,4.94969976738576,4.093220277339696
Flores Las,Barranquilla,Atlantico,7.908402917349935,7.759763591852302,7.097892702804841,6.533910879251269,5.72034066126568,6.317818202243416,6.795927777673916,6.775265126827732,5.901649543578115,5.511471146939392,6.2849674592528295,6.996636829666633,6.633670569892171
Normal Manati,Manati,Atlantico,7.911801204646896,7.427973162168976,6.361574508246201,5.60669451283184,5.116846514245022,5.51153657303288,6.260818626435979,6.101778953484266,4.9744805872835425,4.816791514833786,5.287451111321049,6.7349677119197695,6.009392915037517
Repelon,Repelon,Atlantico,8.33943030409524,8.022873712093569,7.069329906972058,5.953109949547216,5.2090866903564885,5.836685908897403,6.433480402655816,6.125604164581999,5.1052565648957735,4.825420647405265,5.6249906169364285,7.067570217271471,6.30106992380906
A.E Cortissoz,Soledad,Atlantico,9.152016129032257,8.778778007309711,7.866989247311827,6.9807971820541335,6.101656508597194,6.668227660363366,7.0081044071957335,6.717669788414845,5.685810344827587,5.449121245828698,6.189321839080459,7.9492918057100495,7.0456486804771545
Apto El Dorado,Bogota DC,Bogota DC,5.941193919169447,5.308029056388345,4.4086236559139795,3.503944859367551,3.459461224722626,3.9007096954330724,4.292191720959796,4.394812754912866,4.077728395061728,3.8145977011494243,4.236882758620689,5.078058159860161,4.36801949179664
Eldorado Didactica,Bogota DC,Bogota DC,5.835714285714286,5.085797883597883,4.408049739361819,3.4012914131169714,3.3517209101382486,3.637789046653144,4.1295026881720425,4.2027294546851,3.9921913200145958,3.742045927573847,4.065314039408867,5.153435828168865,4.250465211383806
Esc Col Ingenieria,Bogota DC,Bogota DC,5.67063101301641,4.798357963875206,3.9019019074692043,3.002568058076225,3.107452636968766,3.2815950556467803,3.664699295513534,3.5017446842913738,3.2897029739098707,3.392303338992644,3.863103448275862,4.911397849462366,3.865454852124854
Taques Los,Bogota DC,Bogota DC,5.727500465570855,4.872566591078591,3.6058442072553123,2.6830368542966188,2.4864144472595804,2.430164773509323,2.688648709473081,2.9595123997853223,3.464629219644082,3.6110501064953113,3.8700874631134505,4.87557091983908,3.606252179776717
Univ Nacional,Bogota DC,Bogota DC,5.9522199027575375,5.094456575911316,4.0089531765046225,3.3461232143583675,3.1677941617878145,4.134578706566003,4.421345636889992,4.646510745750018,4.086708334674866,3.836340177547935,3.999752474575586,5.199092815465609,4.324489660232472
Venado Oro Vivero,Bogota DC,Bogota DC,3.9630706895400234,3.5704329301085362,2.864055251583782,2.477630362645018,2.6885193452487983,3.075544517423828,3.318695481962405,3.479619143985651,3.1214236651632854,2.5814232276819684,2.5143411649554412,3.3303667036023774,3.082093540325093
Sincerin,Arjona,Bolivar,8.294786365720364,7.901918535037592,6.526611751927882,5.594455136650537,5.076942341683174,5.5814988785187625,6.077470035582555,6.098132155158083,4.714869246043942,4.588917180106121,5.483275521167987,7.190651243372649,6.0941273659141375
Apto Rafael Nunez,Cartagena,Bolivar,8.846160657811511,8.512318035306542,7.698583298422006,6.96363288052943,6.179667338709677,6.2664193660745395,6.721020087679119,6.4446761272345245,5.742666495536351,5.497845529825509,6.227595699917897,7.782650474303925,6.906936332612585
Esc Naval Cioh,Cartagena,Bolivar,9.168233416046318,8.645482528996288,7.5927293870077515,6.963826929392445,6.264648496212724,6.820945697023284,6.764471990759838,6.752326170977965,5.820123749175473,5.728432640617736,6.508424606378131,7.983974220327113,7.084468319409589
Carmen de Bolivar,El Carmen de Bolivar,Bolivar,7.5798463810364005,7.1952685033144785,5.960824458098651,5.209141549595572,4.815517240334433,5.440408186959911,6.511892779972638,5.781249783710296,4.632497988388792,4.597420837968111,5.389890142912455,6.222447045031935,5.77803374144364
Apto Baracoa,Magangue,Bolivar,8.274655321231197,7.742583784386467,6.497970989583893,5.634929562264046,5.087294262958431,6.084375435654173,6.769499311404206,6.460660991760294,5.521143218547937,4.895561045271688,5.732017138752053,7.22102448721424,6.3268096290857185
Nueva Florida,Maria La Baja,Bolivar,8.009716807901036,7.2466968012427175,6.052612471495258,5.3380176417933525,4.472494787937188,4.727317513146019,5.412631465739688,5.056916097852834,4.192096765197,4.206663642655807,4.871467332375613,6.8103037939228805,5.5330779267716155
Presa Ay Grande,Maria La Baja,Bolivar,7.320205456283256,6.636724650450066,5.678052676706345,5.102195418885073,4.472978647644943,4.678128703872638,5.321680820106161,5.075888003719594,4.27475923353962,4.287651256908326,4.979962354285748,6.333865635754678,5.346841071513037
San Pablo,Maria La Baja,Bolivar,8.34627523880149,7.753414541771262,6.474447525785882,5.76954328516555,4.928633009492394,5.502838083509266,6.140076062768737,5.760337270470792,4.734282179916415,4.666348461303429,5.354040793111571,7.175690917598037,6.050493947474568
Galerazamba,Santa Catalina,Bolivar,7.555720440774877,6.901514443840028,6.064639359751151,5.958383166866939,5.846726051818164,5.880742087955703,6.234237266167982,6.426629541967638,5.716650101259902,5.418651873557964,6.17809575663779,6.89028204287833,6.256022677789705
Canelos,Santa Rosa del Sur,Bolivar,5.949569343165932,5.185409088791261,3.6856695613193575,2.848910323865624,3.55172412248177,3.8989828101822104,5.292270965592472,5.12351246246338,3.9276600409068654,3.602550043866458,3.9141064134531556,5.027701007631597,4.3340055153100066
Sta Rosa D Simiti,Santa Rosa del Sur,Bolivar,7.995817699347389,6.929868685353598,5.298889194744007,4.123079380747863,4.399851546345332,5.29681466043535,6.4942484886194105,6.110242870354642,4.857251327513028,4.198883508034769,4.890340351122612,6.683778272154246,5.606588832064354
Monterrey Forestal,Zambrano,Bolivar,8.630799917287014,8.175872787812441,7.045407860585837,6.3038494063407855,5.464225958067067,6.466254561530424,6.805392524049921,6.872345824364736,5.76931977067022,5.57735144312394,6.219583652618136,7.337388816792321,6.722316043603571
Boavita,Boavita,Boyaca,7.765685483870969,7.03274365421456,6.02363962202672,4.747963362068964,4.32487567204301,4.738587319243605,5.184203629032259,5.10350482017056,4.8907367974998674,4.99468295451072,5.656975581333758,6.820901509442988,5.607041700454832
Buenavista,Buenavista,Boyaca,3.020324169712379,2.5938379129650677,1.998444967144564,1.3617673063920526,1.7014687634261467,2.1868579997001047,2.5898297458853463,2.3298463901689708,2.2410021893814993,2.486419381096801,2.3067173938540932,2.4641747620813255,2.273390915150696
Chiscas,Chiscas,Boyaca,7.894634286939191,7.069269714959373,5.974422211973069,4.8751089075997704,4.555982233897454,4.281647397755296,5.041481715040288,5.012553950473701,4.74654118151963,4.936124039642825,5.610248711167133,7.057402244487749,5.587951382954624
Chita,Chita,Boyaca,7.892259907036721,7.120456537358167,5.7861857107135615,4.168815107692603,3.6617662203838885,3.5288660006660004,3.4446878742540252,3.657080041549983,4.210963083509266,4.376114442161737,5.0977271766415635,7.030954638220592,4.997989728349008
Tunel El,Cuitiva,Boyaca,7.780857670735311,6.495405081272257,5.421657971491786,4.423169434925593,4.500817791390119,4.285256583418886,4.5487563788647325,4.180448536477994,4.351959087929715,4.742800056711652,5.194756277468479,6.878240984533532,5.233677154601671
Sierra La,Duitama,Boyaca,4.8512281478734955,4.406600245264929,3.423744025678495,2.530658252160927,2.731501412808612,3.3543604552403603,3.751614885288142,3.9017926164760643,3.5986971355592043,2.9037537122375827,3.0772533177855523,3.953309313085393,3.540376126621563
Surbata Bonza,Duitama,Boyaca,6.774408779405965,5.843074548713728,5.086923298263502,4.296811176711065,4.228949848696881,4.461440772669221,4.884508409917545,4.683528814231208,4.29082287197415,4.208809375586873,5.1910591204273855,6.306561444543677,5.0214082050951
Sierra Nevad Cocuy,Guican,Boyaca,7.084341046190404,6.462612742721056,5.275354229185797,3.5820931052749256,3.1062880855224457,3.8863030348097096,4.696844890527636,4.464170882805787,3.7115345984341817,3.4335707495085614,4.281318801975757,5.978597337308479,4.6635857920220625
Inst Agr Macanal,Macanal,Boyaca,5.927159807193177,5.106850039949921,3.8519385616794874,3.155864902282752,3.1100478761068895,2.7288712522045846,2.761441039213429,2.9650892153759325,3.989761904761905,4.55045015793983,4.831548893041163,5.644580802030748,4.051967037648319
Bertha,Moniquira,Boyaca,5.675978494623655,5.762459113300492,4.930250648869113,4.197034482758621,3.8735483870967746,4.664,4.883994198346747,4.813443332097392,4.7241880341880345,4.73010752688172,5.081685823754789,5.352759856630825,4.89078749154568
Belencito,Nobsa,Boyaca,6.679090212915387,5.809190525617286,4.766119615135557,3.71328585179707,3.901380253992506,4.259387489612625,4.730999732314219,4.44660680740339,3.9872767199841723,3.7550894110149193,4.636938799111888,5.929578286801788,4.717911975475068
Nuevo Colon,Nuevo Colon,Boyaca,6.316677430114148,5.572739701762689,4.8791528834205335,3.728291946184665,3.3751144486427203,2.852637718479765,2.9292608681108874,3.172062906094956,4.205635796659155,4.43428083109463,5.009103488040272,5.950881882647387,4.368819991770985
Tunguavita,Paipa,Boyaca,6.661801889866405,5.970137720078453,4.959451589729329,3.6886373665845653,3.444211758584807,3.654946236559141,4.151347446236558,3.9531930473657835,3.7767688378033197,3.9533610822060363,4.719262143121987,5.89516129032258,4.569023367371581
Rondon,Rondon,Boyaca,5.646636291335222,5.047679096357365,4.118485191473307,3.0729982314751076,2.704440038449781,1.9552495754784696,1.9775748201931231,2.2707345110087043,3.6689526326054267,4.205883457444962,4.346547552836485,4.418471753241324,3.6194710959916065
Villa Carmen,Samaca,Boyaca,7.070623128615865,6.526468539548998,5.606582151965585,4.804489531715239,4.96006465293339,5.03425161637931,5.560263180981516,5.642800816790735,5.464987984058564,5.221060912177779,5.285076468766679,6.187150772374677,5.613651646359028
Apto A Lleras C,Sogamoso,Boyaca,7.59017797313158,6.74477368021066,5.699271782042486,4.449545361247947,4.130626248752136,4.609152324190638,4.875630847646977,4.638651438105832,4.684956101597728,4.640040074470791,5.533853007358754,6.649216825279118,5.353824638669553
Sutatenza,Sutatenza,Boyaca,6.500031050645067,5.828093783831002,4.279917833251038,3.7364600968304673,3.468099402628435,2.9296218390804594,3.0637373487688646,3.4128888622249067,4.346586484562219,4.620847767360558,5.081283068783069,6.0010126970947635,4.439048352921738
Copa La,Toca,Boyaca,6.899526722813708,6.649495468230475,5.0764650552348,4.114487185603004,3.8917649497383926,4.404700936568753,4.666472671332777,4.60616038690844,4.3935632183908035,4.393810724649142,5.048450556467798,6.136791382802657,5.023474104895063
U P T C,Tunja,Boyaca,7.389077735884187,6.794158608526426,5.613645005454263,4.696012553631019,4.382567204301075,4.362884339080459,4.689406682027649,4.946125751603164,5.061993749668944,5.030454002389487,5.436256422480004,6.625945195976414,5.419043937585259
Villa de Leiva,Villa de Leyva,Boyaca,6.307415564251283,5.817651704238449,4.920343586930002,4.036048141747179,4.346763582261542,4.699328223454411,5.136523860243031,5.149261019679606,4.671251511536569,4.2999121857126115,4.49231265864829,5.433211329360569,4.942501947338628
Bellavista,Anserma,Caldas,4.274199248340888,4.223107343658992,3.487379278622806,2.902790141388536,3.2600193472329178,3.9247847318334133,5.115773386791186,5.268968165993276,3.8013749115661226,3.25925358766256,3.01281578948642,3.322362787009704,3.821069059965568
Apto La Nubia,Manizales,Caldas,5.396617990772812,4.926725323483054,4.030847227088288,3.4256170198848763,3.5111595326438354,3.976458209278406,4.821882846019387,4.469096517824037,3.7609268535320695,3.37098678581555,3.9238965517241384,4.642446980945871,4.188055153251026
San Felix,Salamina,Caldas,4.976980959235752,4.6660001824484585,3.862162505712193,3.098153102754414,3.7309109850722746,4.975634453781512,5.831553643966548,5.484961696010084,4.4868883258151975,3.3473925903195987,3.072445501387237,4.111698969910544,4.303731909701151
Samana,Samana,Caldas,2.801661161683806,2.779782616262879,1.8880233534946231,2.266990188790924,3.029262980738999,4.676372481684982,5.844326851508535,5.384229832088564,4.034710057507111,2.38037501066735,2.0181705781724526,1.9651238991408626,3.255752417645091
Rafael Escobar,Supia,Caldas,5.886129032258063,5.79518472906404,5.672903225806452,4.637,4.87225806451613,5.718333333333333,6.631290322580645,6.269354838709677,5.3740000000000006,4.49774193548387,4.823333333333333,5.839978494623656,5.501458942475767
Brisas Las,Villamaria,Caldas,3.1489178011422534,3.0150121882648717,2.320543356523659,1.5324376283571688,1.731727249005475,2.418685750775406,3.3112870292964116,3.1743728679612957,2.0798704815456,1.4444369392897853,2.0804054443366553,2.671772704132271,2.4107891200525713
Mono La,Belen de los Andaquies,Caqueta,5.36928168142573,4.2244075688041205,3.3817867589502737,3.2963007271874267,3.3743021052197917,3.1860981195226135,3.2984770682466538,3.970862135176652,4.802745723471051,4.839449255786853,4.728330779054917,5.061359447004607,4.127783447487556
Maguare,El Doncello,Caqueta,6.016529601829607,4.6894476899218285,3.2774327283559757,3.164624647383268,3.3586233373610823,3.0569689921651872,3.2956520159225686,4.159802070888093,4.8675363984674345,4.8080859074185,5.03453736733166,5.930305447240932,4.304962183690511
Apto G Artunduaga,Florencia,Caqueta,5.68354630144605,4.352685660444281,3.4950309547083744,3.470759031198687,3.4403848429991206,3.2330435934106676,3.3251326164874553,4.121996523417097,4.822513555739362,4.79434507477444,4.9420281794586565,5.611685355862775,4.274429307495581
Macagual,Florencia,Caqueta,5.490123550243684,4.375293083625397,3.332639819515078,3.344877362903472,3.5028838554970982,3.25275392915787,3.516138383889536,4.293591870495096,4.842660713005541,4.774225231150426,4.911110762800418,5.510466568164943,4.26223042753738
Pto Rico,Puerto Rico,Caqueta,5.094038840090068,3.960650672832083,3.039141660928369,2.880858522167488,2.917544510336929,2.519047134219549,2.7373175832324894,3.6397226300828085,4.313487157520142,3.988714273575578,4.337244934982004,5.233825332821302,3.7217994377324004
S.Vcte Caguan,San Vicente del Caguan,Caqueta,6.863467576264335,5.333146824371191,4.05634169751615,3.4270682888572876,4.03925768103215,3.5841647423212404,3.4534299348984545,4.2856357873688475,5.110928066824619,5.33659519315208,5.886474405756015,6.572637002300736,4.8290956000552585
Araracuara,Solano,Caqueta,5.038958660813501,5.0076575925468285,4.1719797382158905,4.152757370842829,3.986610789799205,4.0853950752430945,4.615492287955982,5.274648363069389,5.2655044664210475,5.315578361581055,5.265027100073519,5.3162605624389005,4.7913225307501035
Tres Esquinas,Solano,Caqueta,5.767496219870973,4.198422462844502,3.5078284099944814,3.3034313706222784,3.3728142179706304,3.422275194435195,3.861423734439044,4.330017495416661,4.836659875306839,5.2827752712394735,5.321221589332129,6.010363132420747,4.434560747824413
Valparaiso,Valparaiso,Caqueta,5.535336108011112,4.180048571889705,3.432102942625435,3.392320276723022,3.3263622677057327,3.0650850490505666,3.2227889440820183,3.9234094193851066,4.665220526709825,4.669611332037762,4.962775629399022,5.695326921920505,4.1725323324616514
Aguazul,Aguazul,Casanare,7.396696007366754,6.4892609687909975,4.753550081834287,4.224355145058945,4.519056150958748,3.891220152078473,4.416863938011245,4.939652470946018,5.777237798524668,5.681871916041622,5.991836249035806,6.85030202470909,5.410991908613055
Modulos,Orocue,Casanare,8.197364711735641,6.971166048369114,5.211921151707024,4.468603385120627,4.170117105425782,4.0910714860089055,4.1966259885077095,4.533000003848168,5.188004597701149,5.505087250384024,6.149565508172937,7.656140050092591,5.528222273922807
Huerta La Grande,Villanueva,Casanare,7.443748912238468,6.7197522155012575,4.801747232006758,4.148141619761802,4.183907113724244,4.4115944240944245,4.458068468381977,5.012675671993411,5.405361033192533,5.6953310515121345,6.3182083814794545,6.168385246031519,5.397243447493165
Apto Yopal,Yopal,Casanare,8.149652196999869,6.9014323497561065,5.045676617289521,4.237237964249458,4.5184370952595305,4.143249955791336,4.36205834010831,4.737908525276831,5.462260953674132,5.696122181308309,6.258125046216541,7.722692364775113,5.602904465892088
Bolivar,Bolivar,Cauca,4.964553091397848,4.553865847414234,4.002026209677418,3.993687637684503,4.276890120967743,5.303326591836046,6.072480055497746,6.208470863890776,5.096274675162418,4.421263537210468,3.8950191570881225,4.383065550041356,4.764243611489057
Milagros Los,Bolivar,Cauca,4.40484762233339,4.03516503258103,3.5609266141420153,3.666188804446462,4.303044723414023,5.040217882926252,5.546174001033808,5.557853707234964,4.651139956841503,4.189170244099961,4.053625383315602,4.145126403074123,4.4294566979535945
Venta De Cajibio,Cajibio,Cauca,4.301997016370823,4.130852051499447,3.702115434545504,3.4068972611226482,3.8283347458375263,4.681185492297839,5.553120561646979,5.537220843672457,4.472720741901775,3.6296221943143254,3.4750079613872726,3.3626778292813673,4.17347934448983
Apto Guapi,Guapi,Cauca,2.8088709677419352,3.173246305418719,3.4827172939068105,3.887106383455446,2.878275587415372,2.3954329004329007,2.821668436309704,3.0671945259042035,2.6251543209876544,2.6390248424175007,2.195179360869016,2.3694517310646344,2.861943554660325
Bonanza,Guapi,Cauca,2.491790856306522,2.770315154895617,3.1980649115471182,3.1829194984304245,2.9435621772961578,2.589903479017873,2.9222779869461077,2.8938971582860358,2.2997377970050383,2.2796841355072988,2.3135882157188528,2.564716176980011,2.7042047956614206
Gorgona,Guapi,Cauca,2.947227179472366,3.78063025109469,4.189633248657407,3.8480224636303415,2.7588765326331797,2.102746141029421,2.6690561352089417,2.613492784731542,1.9877062024289038,2.4258182000611526,2.280902996039384,2.4091052239877144,2.8344347799145866
Sierra La,La Sierra,Cauca,4.269418335187244,3.91203125572981,3.5042248447348907,3.3479294911266892,3.6112691613050427,4.464186371100164,5.254609633599622,5.476833733910693,4.385717716956835,3.716759771221867,3.302891866918563,3.6763309767862986,4.076850263214809
Mercaderes,Mercaderes,Cauca,5.536987349778622,5.05047647532655,4.65505079914442,4.562813669839247,4.6957877756203015,5.356898148148149,6.271306818181817,6.312451124144674,5.637560324732738,5.248869896553835,4.848609926257952,4.897053564720909,5.256155489370767
Ing Cauca,Miranda,Cauca,5.386958750062198,5.273661591441765,4.679901279199109,4.393584770114942,4.351550993809058,4.586768423147733,5.164183142559833,5.292883064516127,4.614155145929339,4.690022401433692,4.756346557903843,4.897184371523917,4.84060004097013
Miranda,Miranda,Cauca,4.795950984499371,4.465348253279288,4.017844221749687,3.4910673896922497,3.3965725806451603,3.7848768472906413,4.45878648233487,4.507168458781362,3.834899957428693,3.702688172043012,3.8640982841912375,4.057608453837597,4.03140917381443
Fonda La Citec,Patia,Cauca,5.952753807738881,5.6164216472048825,5.203851901430882,5.122931762152171,5.332914856265089,5.914137507716215,6.470862873993374,6.455501667774385,5.610701703621496,5.472901421538628,5.373473278337437,5.785669079504043,5.692676792273123
Apto G L Valencia,Popayan,Cauca,5.037996706287817,4.568153861340735,3.9156738351254483,3.5557794428547322,3.776561993994141,4.804907517547699,5.639649214784995,5.445063327068389,4.509557744937055,3.6856850821900884,3.8864333386302237,4.442438677019067,4.4389917284817
Paletara,Purace,Cauca,3.8888154680980045,3.3322793036394565,2.464706398440269,2.3496161499082397,2.4315847237671493,2.2126724137931038,1.9634751095181207,2.4340777502067823,2.4105393457117597,2.467480674943568,2.963130196375633,3.698650793650794,2.7180856940044067
Sta Leticia,Purace,Cauca,4.119499257682685,3.595615543929439,2.6995951869279704,2.4973904614119045,2.5888375730962263,2.5673181270022862,2.4434594955035145,2.6789446727646693,3.0264329743610348,3.057248990930999,3.2560079021756136,3.9156940322342626,3.0371703515017168
Valencia,San Sebastian,Cauca,3.818929983932765,3.3078910188810084,2.654843633507561,2.334382052051685,2.308426724137931,2.5273674453096033,2.5706447633837963,2.7456722990271376,2.8441279818919902,2.80319921378194,3.0167092047737207,3.4626965721493685,2.8662409077357087
Gabriel Lopez,Totoro,Cauca,2.427882707575937,1.9885358536282178,1.8818128377993972,1.5266471391528864,1.457356441171331,1.1383301404853128,1.3473058578425658,1.6970871024634462,1.828687859759288,1.5479760826322977,1.546686073629852,1.7188252741722112,1.6755944475260618
Aguas Claras,Aguachica,Cesar,8.140379581074798,7.460214777095652,5.855026341956879,4.920711141681907,5.033145803029006,5.807558874714047,6.5634255945759845,6.2370867661259775,5.718832049277146,5.310356029529185,5.7243624302266864,6.9220486527901715,6.14109567017312
Motilonia Codazzi,Agustin Codazzi,Cesar,9.058125049780964,8.343063735328103,7.275591397849462,6.307492981619788,5.7985896900926575,6.070053507728894,6.587287974292424,6.506936970417719,5.903072337668057,5.961999795430426,6.858793255891948,8.049069400227584,6.893339674694002
Socomba,Becerril,Cesar,9.045654444526665,8.520224046414375,7.242344745435356,6.3663589916446846,6.260493338404468,6.847976398406528,7.065670062437694,6.8401833399208885,6.010593426642686,5.933171455001304,6.840963666071378,8.219950381842448,7.099465358062374
Chiriguana,Chiriguana,Cesar,8.782467272618092,8.33099049656176,6.893883758175126,6.356743842364533,5.918444352852378,6.742280822386427,7.296777016458402,7.159944026503165,6.227405372277787,6.108084046251797,6.728795445317634,7.9158549147675945,7.03847261387789
Col Agro Pailitas,Pailitas,Cesar,8.132820314753017,7.6259960745512485,6.451374799159561,5.310121649620829,5.380161962365592,5.900755589557314,6.6797988608656995,6.485896816258915,5.385139024430606,5.299070178063903,5.5334645012176775,6.98109750431435,6.263808106263226
Apto Alfonso Lopez,Valledupar,Cesar,9.167244125846274,8.849940002526209,7.829032258064514,6.787800788954635,6.195409429280397,6.7509416445623325,7.0498187403993855,6.855197132616489,6.2789333333333355,6.399805033676001,7.214027777777777,8.510976013234078,7.324093856689285
Callao El,Valledupar,Cesar,9.241559258508362,8.91783358184072,7.960747011403297,6.581158811861239,5.898273825557845,6.088961486222024,6.6456035716436155,6.565672603892628,5.946027439888035,6.103102058002683,7.022810723758999,8.402639302231645,7.114532472900923
Guaymaral,Valledupar,Cesar,8.697832471314968,8.299830345325088,7.741718585023926,6.689369582754011,6.094097630181241,6.167342563354059,6.741420305834323,6.822434021340583,5.951307195962675,5.800778304919131,6.668228461959497,7.897521114975879,6.9643233819121155
Villa Rosa,Valledupar,Cesar,9.011258997528927,8.585101896862746,7.736263763038867,6.4599517169315,5.977294104497895,6.091284779237365,6.67856854001465,6.640227790823823,6.0857273937091385,5.902770672978073,6.791993490017439,8.068085277253529,7.002377368574496
Panamericana,Bahia Solano,Choco,2.5317825435442507,3.1166316404653114,2.785941912917135,2.2922491297208536,1.987024408044719,1.918345673586015,2.4563085417377843,2.2685735190457192,1.7470337113625292,1.89920908961162,1.642587084052601,1.6159762818195587,2.188471961325675
Loma La,Bojaya,Choco,2.5552663599960184,2.7290351233796786,2.9031176363457023,2.5011396080587827,2.6800145325244396,2.716065272027159,3.18774603105048,3.243216669315112,2.887044832843514,2.582837448787127,2.698085172289888,2.3022073823791915,2.7488146724164246
Apto Condoto,Condoto,Choco,2.6328496131737613,2.4620077831309355,2.3957825456673385,2.502855911330049,3.2594858255147328,3.294055194805195,3.573601697359206,3.4095566525286416,2.86787635975136,2.8624499828914094,3.0232912194696304,2.5723696519124517,2.9046818697945596
Noanama,Medio San Juan,Choco,2.325947718601204,2.653091564799611,2.4402301747311825,2.7240187509931673,2.9487978706499285,2.7975167787421475,3.3905645161290323,3.201536627999364,2.4754079547527823,2.4003660219399934,2.5175338882282996,2.3031473257626147,2.6815132661107772
Apto El Carano,Quibdo,Choco,2.8030176899063486,2.914802161131416,2.7591465053763433,3.1759139784946244,3.622782258064516,3.8208750463477936,4.256295525494276,4.272043010752687,3.883370411568409,3.78793682795699,3.6222988505747122,3.054264784946236,3.4977289208845295
San Jose Palmar,San Jose del Palmar,Choco,1.760474966711781,1.7162990934046494,1.9669191890712947,2.2907843075390106,2.9182192464561774,2.997088438381542,3.7835867790834916,3.6161957730812015,2.6627658961727922,2.4007112960269246,2.3692902922848473,1.981413642043972,2.5386457433548073
Ayapel,Ayapel,Cordoba,5.895820020481312,5.350334656084655,4.466757758473554,3.9631206264999372,4.189549563395121,4.256225565292751,5.5485234662445455,5.196686685672354,4.671631187998563,4.493076168534086,4.579297573435504,5.03235473553852,4.803614833970909
Turipana,Cerete,Cordoba,7.355907834101382,6.497033830367164,5.143463799283154,4.203483106931383,4.101567563549874,4.736129141311698,5.424426461286602,5.1648852892102335,4.464618626584144,4.7217026855235975,5.321756022354084,6.095329749103942,5.2691920091339375
Doctrina La,Lorica,Cordoba,7.734308102790849,6.936223646963368,6.3517026404190915,5.1103553701985,4.335169204372089,4.733575276487285,5.573939349449698,5.437300772980743,4.671714602148332,4.552499305159293,5.22328376076239,6.387051653286359,5.587260307084833
Univ de Cordoba,Monteria,Cordoba,7.634600914596465,7.198937070916804,6.1990633037296,5.27686286893183,4.75022033530086,5.34284256723313,6.291539338797403,5.967978965864279,5.029904875148634,5.328672443930584,6.0032380952380935,6.225838207491433,5.9374749155982585
Planeta Rica,Planeta Rica,Cordoba,6.343885632206544,6.124850391443987,4.9609175381259165,4.268191941595339,4.244428310840465,4.933359180123015,5.515494952409231,5.573288826552969,4.644932731288404,4.810111893937099,5.141676909230569,5.739318306930271,5.191704717890318
Mercedes Las,Anapoima,Cundinamarca,5.927203803885435,5.185361709080921,4.313171870293326,4.218752840575063,4.3190004995679026,4.6010100123595965,5.054401414594862,4.997809875895615,4.66884555023798,4.688739272821399,4.878727192426639,5.426131247060231,4.856596274066582
Florida La,Anolaima,Cundinamarca,3.7499864046471387,3.2044221644169792,2.577350389321468,2.2219438058748406,2.3489089994173415,2.72008210180624,3.056279317341181,3.5097093976348708,3.4523818332302905,2.597529310593827,2.250170519136036,3.276689202367976,2.913787787149016
Bolsa La,Choachi,Cundinamarca,5.06522555595123,4.497623933570746,3.241887160687091,2.0753029161605756,2.0237606189879824,2.2938063130684174,1.7060626339573992,2.1718632755127594,2.7101372180820453,2.7712601172254447,2.854102145428007,4.318449158506001,2.9774567539281414
Silos,Choconta,Cundinamarca,6.553673838700487,5.832062875734507,4.69325496142098,3.6794565829576587,3.69557651840188,2.539509628302732,3.1067287933094385,3.549126935458971,4.093508483853312,4.3136629588431585,4.628310957010016,5.944061601480956,4.385744511289508
Represa Del Neusa,Cogua,Cundinamarca,5.961850589158709,4.788589953855938,3.7425011306824443,2.9537201240649513,3.329556946583573,2.622103348649401,3.1345364259834367,3.3524600507765836,4.1169495328866175,2.837984053836588,3.860197446231929,5.294864628511773,3.8329428526018283
Isla del Santuario,Fuquene,Cundinamarca,7.377554954006566,6.742803588493242,5.581422277476062,4.471369047619047,4.394630172694689,4.7632601880877745,5.366441447956737,5.337466632709495,5.0994357366771155,4.850545961406176,5.324098291256159,6.45331704138156,5.480195444980385
Ita Valsalice,Fusagasuga,Cundinamarca,5.916944374665372,5.225436647842899,4.247021774997464,3.7952846426560405,3.723796444601691,4.09786664684294,4.278854421444012,4.451491922056438,4.464791208791208,4.6932165753513715,4.670610135300805,5.104023765213281,4.555778213313627
Gacheta,Gacheta,Cundinamarca,5.950135558027438,5.129962978167,3.7702051463838058,2.9093973727422013,2.9023845149130443,2.5846594417077178,2.84446372097226,2.9907445205738803,3.6390760389036245,3.795345622119815,4.165858340670934,4.76092908889405,3.7869301953396484
Base Aerea Madrid,Madrid,Cundinamarca,6.110743170742671,5.563235196769553,4.5237317730973166,3.720128837881884,3.6160944651692892,3.97472755984231,4.3839566367048555,4.462664421232898,4.361051402538228,4.1878391154027055,4.248039687798132,5.4146828440474115,4.5472412592689375
Tibaitata,Mosquera,Cundinamarca,6.1556980322773835,5.436014810695012,4.453633203132342,3.696528158859639,3.5931685923427463,3.805611420096403,4.358967125293868,4.67100362225835,4.425525035203196,4.262337193272677,4.430454772613692,5.443565373365149,4.561042278284204
Checua-Nemocon,Nemocon,Cundinamarca,6.299539170506913,5.123255010816588,5.065238095238095,4.091428571428571,4.05765135865247,3.3416602809706255,4.545679174895765,3.996674798951839,4.70351395730706,4.410506912442396,4.539963510308338,5.37494452978324,4.629171280941825
Pandi,Pandi,Cundinamarca,6.153967897022332,5.5297927841634715,4.558195147960544,4.1376230283126825,4.314038774845226,4.6296386343438645,4.925664238640306,4.701926069074874,4.302226935474062,4.6275627240143375,5.170409961685824,5.851280605525935,4.908527233421955
Japon El,Paratebueno,Cundinamarca,5.644912388388799,4.955812468945901,3.633738694101597,3.2932897190706525,3.5459166520456833,3.1410057609482895,3.4889335918339244,4.0581358295801895,4.951383281281861,4.973239699105449,4.7571368104205085,5.244317455502105,4.307318529268747
Pasca,Pasca,Cundinamarca,4.472222222222222,4.152150887315805,3.1724589676487933,2.651284863062974,2.7842787498553165,3.154459994028959,3.0197479402318113,3.3261911786042457,3.2462586742759147,3.020435867895545,3.047636181909046,4.020992179863147,3.339009808909482
Apto Palanquero,Puerto Salgar,Cundinamarca,4.507502138248646,4.041215434397825,3.7995646797017426,4.550931246642916,5.1784058036266,5.1895469616040355,6.135913394425246,6.021796404439814,5.441077445740942,4.9945208264915175,5.01289262351688,4.50517337017615,4.9482116940843595
San Cayetano,San Cayetano,Cundinamarca,5.260894170911149,4.588973889926703,3.647043010752688,3.057058823529412,3.414491874848412,4.370130718954249,4.758064516129032,4.5795041816009565,4.13209601081812,3.8919354838709683,4.071666666666666,5.242992831541219,4.2512376816291315
Sabaneta,San Francisco,Cundinamarca,4.410971795208387,4.208124538296952,3.35803959145693,3.22509681171319,3.5590084950356373,4.086093574092075,4.482607081942899,4.608750844212024,4.1252917771883295,3.5700788727401624,3.4771034482758627,3.838359978290224,3.9124605673710557
San Jorge Gja,Soacha,Cundinamarca,5.367078799241887,5.0513949666170355,4.269886092103834,3.885630695125759,4.305294987324566,4.800236641966625,5.308414419108929,5.327787087672975,5.0044049101441335,4.181632901000604,4.070784931677854,5.02098273403717,4.716127430501781
Primavera La,Subachoque,Cundinamarca,5.959615063180135,5.00309659476326,4.09957817544727,3.51291899288451,3.955412186379928,4.013430031016238,4.697479091995222,4.011523915461624,3.9803612479474544,3.5270400931824732,4.73248494800219,5.746582320904902,4.436626888430434
Tabio,Tabio,Cundinamarca,6.193627161369097,5.555003774277174,4.590855378965779,3.9074847047375787,3.733572402060305,3.79538961038961,4.028883468537806,4.195376574739925,4.168104174824564,4.336765903494014,4.806933649577328,5.412657436944017,4.560387853326433
Providencia Gja,Tenjo,Cundinamarca,5.159799404130305,4.502670133187374,3.0697778956675505,2.4864919326051256,2.3662238075544524,2.6346459770114943,2.8055406451612908,2.9915382488479256,2.9285913575568747,3.19056152927121,3.6773456790123453,3.4682387838338893,3.27345211615332
Yacopi,Yacopi,Cundinamarca,4.9270394659104335,4.233372198112962,3.4572811896259,3.5358865691870625,4.223890880127439,5.237086080586081,6.156823237502501,5.521414965416193,4.594184635373603,4.316080319128533,4.463399758086858,4.5852506451988,4.604309162021363
Pto Inirida,Inirida,Guainia,6.935379044216621,6.343090812919911,5.517167267141461,4.513871252204585,3.8690092822350897,4.085041024040712,4.539367565662466,5.212178785619905,5.808257985062768,5.677708616569852,5.595377465588195,5.881366731834476,5.331484652758003
San Jose Guaviare,San Jose del Guaviare,Guaviare,6.115123559932727,5.519536740323911,4.4632140022051034,4.03458283274835,3.3414797506422262,3.164314166293477,3.6624836628606516,4.296592331935769,5.167500093184513,4.970263662922172,4.982049808429118,5.27635434599924,4.582791246456438
Trueno El,San Jose del Guaviare,Guaviare,5.889095718889937,5.191942765629469,3.9665720339788746,3.3715735126942024,3.298347547891486,3.026210223365396,3.38357142857143,3.931354103743797,4.775206473177739,4.741665997990803,4.618478150544036,4.993669598065593,4.2656406295452305
Algeciras,Algeciras,Huila,5.025582590865166,4.0479244494330695,3.630083891595444,3.601472654683358,3.7551955913538837,3.473626385321788,3.826471125648545,4.014045544432085,3.879005051045905,3.8265291127334993,3.920049806515323,4.519757208185461,3.9599786176511276
Altamira,Altamira,Huila,5.512722469410456,4.7328920887541575,3.8576448321264,3.9585915305696107,4.707257693733778,4.488365740740741,4.026425328554361,4.044027642011513,4.51233908045977,4.7513026113671275,4.921709770114943,5.550642789373815,4.588660131434723
Altamira El Grifo,Altamira,Huila,5.347938013915243,4.772483066502463,3.655218216318785,4.03514367816092,4.0870526292830816,4.40076038903625,4.377602867383512,4.767419354838709,4.459152298850574,4.591505144605117,4.567480429719781,5.181840239154618,4.520299693980754
Rosales Los,Campoalegre,Huila,5.664991275709395,5.089219112342844,4.137071870781548,4.218001791312135,4.357923105197855,4.563485656331497,4.556251041635292,4.578339990561902,4.446641256788514,4.765540996645254,4.755318604766879,5.133600448107821,4.688865429181745
Legiosa La,Colombia,Huila,5.327344302305131,4.691034711267594,3.389163243461156,3.0744006924032057,3.005232058013744,2.4245326183634375,2.8403674090728392,3.6179670698441955,4.561736409484888,4.413467047584586,4.175870901129521,4.846531786004762,3.863970687411255
Zuluaga,Garzon,Huila,4.06844200933391,3.644362656287943,2.696389042363797,2.5369776102386936,2.7679857930679757,2.769622844827587,2.9819095915276854,2.9173638525067194,3.171650980506781,3.0610523217975945,3.3113650568934228,3.665951645565195,3.132756117076442
Jorge Villamil,Gigante,Huila,3.59300570102387,2.9324986316365633,2.773063898158448,2.7641260718846925,3.036750298685783,2.9342063492063497,2.851823690049496,3.252032533774469,3.332665571975917,2.934608627684268,3.0591905214127433,3.606836585689632,3.0892340400985194
Resina,Guadalupe,Huila,3.7054591206503966,3.4894713667342154,2.937231355963281,2.928537000911203,3.088105226145262,3.456981912502469,3.2708597360699696,3.601131724055342,3.7572577090739046,3.2746432345983383,2.8944464767475373,3.429601316773602,3.3194771816854605
Iquira,Iquira,Huila,5.29860823172643,4.797617755639535,3.9266538436939524,4.353069563218019,4.528105130009045,4.874908144667161,4.410503803548363,4.976574845557917,4.93187327344731,4.7840743687815594,4.198134749589491,4.741215340575015,4.651778254204484
Esc Agr La Plata,La Plata,Huila,4.948756498723128,4.467002473899027,3.7446572084506298,3.7345748161784442,3.9543787802879153,3.934542504906125,3.8903652202814007,4.139888666822878,4.238010572929437,4.2919716869675755,4.263024090971289,4.796102395935543,4.200272909696116
Apto Benito Salas,Neiva,Huila,6.576148582600194,5.714528171182266,4.873434535104364,5.017979797979798,5.272297165200391,5.496868686868686,5.521309872922776,5.57014011078527,5.392525252525253,5.514012096774194,5.519270833333334,6.0380254154447695,5.542211710060108
Palacio-Vegalarga,Neiva,Huila,5.147347399888764,4.531495362475967,3.720312852963767,3.593441641311697,4.044486389051296,4.397793650793651,4.589448987830364,4.708022123346927,4.183509528717784,3.817170515972914,3.655632925472747,4.452339910305985,4.236750107344322
Juncal El,Palermo,Huila,6.393304492198346,5.55788917546426,4.557432475508672,4.69683737198615,5.201924815711925,5.458953414449239,5.50786611680509,5.462807181216883,5.100582375478927,5.2467875693215955,5.507118686117573,6.11195644578291,5.400288343336798
Sevilla,Pitalito,Huila,4.7599017316136365,4.095032563009574,3.1568684782032954,3.5229584591653555,3.9476557115377195,3.8304856954523263,3.720201678928207,3.9114864264092875,4.2212070209484,4.243655052564955,4.340255013186047,4.678071237562339,4.035648255715095
Parque Arqueologic,San Agustin,Huila,5.147488753565943,4.488843050831949,3.5709297912713462,3.6817849898580115,3.9546774193548386,3.605245098039216,3.530695947236547,3.787094593120897,4.349016227180528,4.53229460503654,4.706146044624747,5.050993042378241,4.200434130208234
Sta Maria,Santa Maria,Huila,5.2403330669534665,4.766293564688284,3.8902170905714573,3.821315754032575,4.544390215975551,4.765223605751972,4.813718819922846,4.83664690745336,4.689009060227934,4.010122593080661,3.9651000906944334,4.723236673312651,4.5054672868887655
San Alfonso,Villavieja,Huila,5.107269941138301,4.823833731383367,4.14178262011132,4.595104988668207,4.979940558954394,4.955698207443897,5.33771792019623,5.439077997148075,5.136653878194477,4.7780490552633195,4.457941933051331,4.275730633785462,4.835733455444864
Camp Intercor,Albania,La Guajira,8.360834497570739,7.860949463180498,7.470420386065547,5.7837055555555565,6.113733202281589,6.7451674034777485,7.945980620335459,7.750425109095576,7.299566684911513,6.0816344683909955,7.4835423197492155,7.299263070077863,7.18293523172436
Termoguajira,Dibulla,La Guajira,7.537978930421663,6.192301486426806,5.973047993264451,5.208950501496675,4.7496503785709745,6.192018341917769,6.768427074844499,6.230670441905147,5.314740537240538,5.255798417995304,5.55425754732405,6.358725670718788,5.944713943510554
Paulina La,Fonseca,La Guajira,9.380999540631151,9.192260830984065,8.233654542296426,6.846299845748121,6.483679621429978,7.33455788790309,8.018688664793242,7.394755952380952,6.600853003786568,6.4313635432667695,7.794246618408637,8.510941477229027,7.685191794071501
Mina La,Hatonuevo,La Guajira,8.525974799263421,7.902419353437416,7.1329276637341135,6.48687156421789,6.011343682997212,7.3379696515378665,7.820916316035531,7.41422159887798,6.391086064110801,6.306236559139787,6.6531397459165165,7.876991979392307,7.155008248221737
Esc Agr Carraipia,Maicao,La Guajira,7.2066820427649665,6.574807899921793,5.9513219445514025,4.771299467087542,4.6508456860844,6.060446164381385,7.00463356500861,6.759394189481743,5.840568076176964,5.665706879159513,6.0037519154739565,6.362219419234412,6.070973104110557
Manaure,Manaure,La Guajira,7.551836165411069,7.159946260612289,7.03106554545926,6.1686692671667736,6.5239021903231675,7.716383984735348,7.648168361758311,7.9716604022420645,7.133173090777291,6.260502708367545,6.669589015480051,6.688313619141672,7.04360088428957
Apto A.Padilla,Riohacha,La Guajira,8.517438714974311,8.064784035084163,7.510932082510422,6.7082716581524044,6.32829723502304,7.810594046294824,8.438772577317627,8.094667791362202,6.906084682148721,6.669022077032794,7.204761249818722,7.761101658900936,7.5012273173850135
Matitas,Riohacha,La Guajira,7.57502632816214,6.9356813993290585,5.8223292338737584,4.906737237764113,5.3336735338189625,6.890809324774841,7.544185719158163,7.162429740127515,6.0500940821630484,5.904217362665064,6.543326308892951,7.084709707766514,6.479434998208011
Nazareth,Uribia,La Guajira,7.059081782323605,6.938864212681741,6.580407755245094,5.524940357842073,5.6323664583222985,7.030260774040095,7.875380423534886,7.8671929490029235,6.8199746038262035,5.882224215626409,6.204055910525325,6.106979241282863,6.626810723687793
Pto Bolivar,Uribia,La Guajira,9.006996287762417,9.14536970236686,8.722274136955294,8.134347126436781,7.916084629416282,7.982666666666668,8.906564976958526,9.068270967741936,7.858609369557644,7.169100253503758,7.625062835249043,8.393755760368665,8.327425226081989
Rancho Grande,Uribia,La Guajira,8.92777240143369,8.629468922945934,8.32519317293102,7.140849969751967,7.1280695564516146,7.856289980009995,8.546087675765094,8.548897767890246,7.5222815378025265,6.942471070148489,7.273580901856764,8.009159384422825,7.9041768617841806
Urumita,Urumita,La Guajira,8.579832611329048,8.19899786851311,7.271053725084065,5.792154356060605,5.5454269449715365,5.84678202855154,6.669070412764481,6.287341086087896,5.434053877243083,5.656391824426347,6.449496847696083,7.372744399170312,6.591945498491509
Ye La,Cienaga,Magdalena,8.861932247275865,8.658516971672894,7.655847130896219,7.1243602900930485,6.4801811774013744,6.780722216932365,6.705753405017921,6.776037791100906,6.126597985347987,6.378576976367503,7.20175913922738,8.188840245775731,7.244927131425766
Apto Las Flores,El Banco,Magdalena,8.477758153816275,8.116760925773614,6.92360188116584,5.984256341703292,5.644486418924767,6.56259660495498,7.094674959902773,7.051576514265611,6.066399237980803,5.674490139433452,6.188050519481232,7.7970210767973125,6.798472731183328
Alamos Los,San Sebastian de Buenavista,Magdalena,8.556701922973728,8.282880548304398,7.01041968172553,6.0829262864499904,5.9024268019124335,6.680556784977475,7.298815310726611,7.0464676120720995,6.024236690034104,6.204949094559163,6.264694343994623,7.441931530709119,6.8997505507032715
Apto Simon Bolivar,Santa Marta,Magdalena,9.193672456575683,8.838384236453203,8.062580645161292,7.558103703703705,7.152344086021506,7.553974358974357,7.460049627791563,7.093182382133994,6.706208112874778,6.636239566884729,7.343102564102564,8.690814580302902,7.69072136008169
Parque Tayrona,Santa Marta,Magdalena,6.564622492489767,6.013617093097443,5.815692816895541,4.917747265996604,4.870039223570138,5.344215927750409,6.093247126436782,6.0994735175836405,5.761590588898281,5.041180065762936,5.570058122866004,5.341302485360346,5.619398893892324
San Lorenzo,Santa Marta,Magdalena,3.146080367074528,2.9659515721746326,2.9125904940674823,2.631162511763125,2.5385152177708723,2.8115854445226374,3.3772561691314666,3.1243160438896442,2.432875634516538,1.821291047410107,1.735606671531959,2.4750222229456647,2.664354449733221
Padelma,Zona Bananera,Magdalena,8.583901097241105,8.0009754625053,6.789623747372405,6.335686241620615,5.89495945003787,6.0884784809299894,6.319123896065281,5.973058942024658,5.3722305598677575,5.841242912277376,6.386137931034483,7.63189651248791,6.601442936122062
Prado Sevilla,Zona Bananera,Magdalena,8.152930478049216,8.263614813604807,6.933976934323252,6.506995741803217,5.950060241215469,6.0449812821396485,6.368376293295445,6.244268981393351,5.60148789742021,5.811597620917737,6.368649986097646,6.74378299747877,6.582560272311565
Guaicaramo,Barranca de Upia,Meta,7.310165574651115,6.828128820994948,4.8151946443761044,4.174214003373233,4.225453863376065,4.19458045187571,4.302794764972185,4.749023856852586,5.680893010077593,6.14631595364632,6.276412237490278,6.9414467009019765,5.47038532354901
Cabana La Hda,Cumaral,Meta,5.701510183445962,5.052099998235056,3.592363579752345,3.490438245310421,3.4732122253021998,3.2559928656361476,3.3367046953239017,4.0124509181484616,4.81450782703886,4.8040007903223305,5.0521950224983705,5.623458416844795,4.350744563988237
Holanda La,Granada,Meta,6.353751993554448,5.408444074080533,3.903364454477539,3.6209824126770584,4.22439941036482,4.086847400887066,4.124622728564427,4.458013763106969,5.0558933429010215,5.164241779519866,5.491813203432985,6.245130890117163,4.844792121140324
Balsora La,La Macarena,Meta,6.2188908906288995,4.975543818357967,3.1834039141050017,2.6340983252060832,2.5905080611862688,2.315348200011993,2.6332163281570513,3.0768007922562015,3.4486656001680203,3.817991902921116,4.256264850767893,4.688749944630454,3.6532902190330785
Macarena La,La Macarena,Meta,7.175208606974035,5.741513469617185,4.510825423282177,3.587246379749572,3.7252949373388216,3.2841827690588463,3.7125649899064808,4.356878907598482,4.882456551460067,5.135563531585674,5.444843265830845,6.403981385131228,4.830046684794451
Mesetas,Mesetas,Meta,5.811084699319961,4.971114561790204,3.53158509461748,3.4635904093050183,3.66603328223778,3.617984119732188,3.606805823860832,4.0086855490209174,4.7051389295492605,4.6539115099957,4.876265321082297,5.642767717080844,4.379580584799373
Pto Lleras,Puerto Lleras,Meta,6.407270865335382,5.5787954080603805,3.750595505536289,3.327649719677635,3.549798550882211,3.053945726384928,3.4407557356457557,3.9706345321962666,4.674410626319494,4.654861263233028,4.736426724200337,5.662733901866272,4.400656546611498
Margaritas Las Hda,Puerto Lopez,Meta,7.250063862063862,7.065628464766396,5.293828530627537,4.357451101506804,4.1659657208924905,4.571524226548858,4.340617408489899,4.554025436010548,5.549602034468708,5.704172001392327,5.884837022342094,6.940463635939721,5.47318162042077
Barbascal,San Martin,Meta,6.733071978687055,6.05011712859299,4.292774372472053,4.059176975004561,4.2905880183167655,4.13977260670364,4.298997484882358,4.70758025840419,5.235135467980294,5.464794646880744,5.978656267104543,6.0745922922629845,5.1104381247743484
Apto Vanguardia,Villavicencio,Meta,5.49340583063036,4.730906074740409,3.6084693232131557,3.650404737025427,3.8666210492016937,3.719164054336468,3.73251884810283,4.378364288041707,5.057979797979797,5.225110689437065,4.864529454022988,5.295450671423617,4.468577068179626
Libertad La,Villavicencio,Meta,6.593492760087255,5.649180720581205,3.9740167030418454,3.792926451242723,4.420776439465724,3.6029271168845525,4.1880226108887,4.821461560867718,5.04449210219325,5.254525211648752,5.806913380115499,6.584871536274872,4.9778005494410085
Unillanos,Villavicencio,Meta,5.777182126049164,5.283695278877836,3.5235212818763166,3.529366533370843,3.7549897231623297,3.7661465890431405,3.788908214514444,4.183972488194163,4.72005287531801,4.913116232742063,5.015149288709683,5.520375268370064,4.481372991685672
Vista Hermosa,Vistahermosa,Meta,6.415471919602374,5.365576539989869,3.720425084635812,3.4880140086823226,3.7789377076995683,3.4120334522364666,3.770367433750851,4.303370965315235,4.598207300311429,4.918841157856334,5.285325296194528,6.172445739429001,4.6024180504753165
Apto San Luis,Aldana,Narino,4.2563840245775735,3.755437665782493,3.24948648322168,3.725301430917195,4.076087567643547,4.305050505050505,4.453182123655914,4.517540322580645,4.32456685260311,4.192248289345063,4.112592968221771,4.187374860956619,4.096271091213009
Altaquer,Barbacoas,Narino,1.6848705694942256,1.9404329931206201,2.0120154397573753,2.3681326400291915,2.3257231113755035,2.3299373433583956,2.8061651348847905,2.651621300355515,2.012719495836556,1.7883080916019205,1.703401429537332,1.4702338282983443,2.0911301148041477
Barbacoas,Barbacoas,Narino,3.0313284666488585,3.1875409671226773,3.3399383728963574,3.8731863031054456,3.420054503043751,3.0683668702047444,3.2580878333621457,2.858949726481084,2.1255604464523974,2.3382294595330375,2.3718282633713668,2.6304029641309956,2.9586228480294054
Apto Antonio Narin,Chachagui,Narino,5.398439393060399,4.959410691479657,4.484013282732447,4.749242083040113,5.228902593295383,6.139909439219785,6.6932192896709015,6.689345800889879,5.737177146720757,5.243293406072105,5.116234461954543,5.178887571157496,5.4681729299411215
Bombona,Consaca,Narino,4.6321599230626616,4.396156937817673,3.9230180580251766,4.103913919857114,4.4955744160177975,5.155968801313629,5.765106083051829,5.917044984271652,5.108812111260386,4.570618007317117,4.552579022988504,4.566727201115582,4.76563995550826
Ospina Perez,Consaca,Narino,4.661565113500597,4.211654246137005,4.132756972768096,3.660332056194125,4.048028673835125,4.889361430395913,5.646102253532732,5.446439665471924,4.86037037037037,4.107601553166069,4.6506349206349205,4.773566308243727,4.590701130354217
Botana,Pasto,Narino,3.3772989909763904,3.332740799142356,2.582872798761105,2.760516659686351,2.9481825250711835,3.0864189016602803,3.7538416894771482,4.0920139277995675,3.9342199462946588,3.481466774762473,3.4960595595059614,2.7985098669303343,3.303678536672317
Encano El,Pasto,Narino,3.184448540706606,2.7351190411215955,2.0520876757650948,2.0193525465818265,1.9877998345740282,2.061883586826115,2.106650208470485,2.186547619047619,2.389556474313863,2.853036982106318,3.121550618921309,3.2625950644749304,2.4967190160758155
Obonuco,Pasto,Narino,3.5999457833807114,3.139149733169129,2.663326864102099,2.8093715470258576,2.995470554253403,3.4100972509137137,3.5952481419083386,3.573374758671832,3.3426812079898856,3.340606758832565,3.4604219481750076,3.49560939208971,3.2854419950426883
Monopamba,Puerres,Narino,2.7483140658933207,2.087973255456482,1.569163152473942,1.6660175299555613,1.731230585424134,1.3110511838098045,1.3237654732968045,1.52276164187918,1.9578662652800587,2.5977444973454427,3.175403320561941,2.9050911163295297,2.04969850730885
Cccp Dl Pacifico,San Andres de Tumaco,Narino,3.678782258761476,4.511574107683,5.123598040240976,5.120772448362286,3.981618588555185,3.7491602721990653,4.172391741311008,4.560955588513988,3.4502785303776684,3.483338116506143,3.3478108585640345,3.3791737246961184,4.0466211896475786
Mira El Gja,San Andres de Tumaco,Narino,2.603372353761676,3.0529795481723423,3.4200092930685186,3.412513898774518,2.7036200716845875,1.9659110563765738,2.7473542030827898,2.4862217278457543,1.9041226053639844,2.14911629445823,1.934736398467433,2.086826934141383,2.5388986987664826
San Bernardo,San Bernardo,Narino,3.9851572593771993,3.591262208946838,3.140172491039426,3.414028446600706,3.777407667134176,4.575234097567619,5.178964014248637,5.337207720997186,4.528898572691675,3.888813564929694,3.3752203065134094,3.625405136937704,4.034814290582022
Sindagua,Tangua,Narino,3.9116202131673266,3.619000378931413,3.126423138572507,3.328761772959674,3.679569892473118,4.126405329081492,5.0565049128661474,5.1249037634408605,4.504890261586509,4.053070749571451,3.7699650174912547,3.750976658368204,4.00434100737583
Paraiso El,Tuquerres,Narino,3.716297678424055,3.232503215353998,2.7590705344664603,2.929026222819326,3.352480494751664,4.007958843159066,4.354719671587518,4.226745248603585,3.73247012479736,3.574055391852771,3.624422775649212,3.7690322580645166,3.606565204960795
Abrego Centro Admo,Abrego,Norte de Santander,7.0240376726639235,6.2135100354449015,5.535565742261145,4.531411361626879,4.655172562106043,5.493242967589336,6.074238126335666,5.6391917161618865,4.780193733233325,4.671739243878657,5.236797142489875,6.0835479675862,5.494887355948154
Esc Agr Cachira,Cachira,Norte de Santander,6.893831803856136,6.270278842060451,5.054590067395145,3.851755268199233,3.5651612903225804,3.925139573070607,4.214288249226277,4.191778801843318,3.6973409961685824,3.8893835125448026,4.820111111111111,6.328558151032011,4.725184805569189
Blonay,Chinacota,Norte de Santander,4.238896392817416,3.4478128991060024,2.5848083815825746,3.239179529538866,3.6395151881173384,3.9922228607918266,4.020086618876942,4.170604821139926,4.054170692431563,3.6185225009956192,3.3705272760445166,4.137899779432037,3.7095205784062197
Ins Agr Convencion,Convencion,Norte de Santander,5.4600236594452385,4.847956209696767,4.132219662058373,3.832539682539682,4.836428975664969,6.106670668267308,6.913170021828765,6.724354838709677,5.453183595277191,5.240500448841792,5.023420908593323,4.43423805585096,5.2503922272311705
Apto Camilo Daza,Cucuta,Norte de Santander,6.4642338709677425,5.991650246305418,4.93465140478668,4.835,5.82720430107527,6.025714285714286,6.556233090530697,7.030322580645162,6.659722222222223,6.294860956618464,6.273555555555555,6.311238293444328,6.100365567322153
Carmen de Tonchala,Cucuta,Norte de Santander,4.667006625393723,4.458323514667803,3.6028341535488364,3.496559077363675,4.550342685461281,4.842424740010947,5.555591397849461,6.09561138153251,5.785044914517531,5.076154401154402,4.615411478288633,4.276446572580646,4.751812578530788
Cinera-Villa Olga,Cucuta,Norte de Santander,5.091761383935282,4.7091992722243505,3.6097820492201365,3.5538876840256632,5.354688307640622,5.833029440028364,6.420836093079767,6.849628664570367,6.059591609725091,5.725388807980705,5.158611388812043,4.226270586818529,5.216056274005076
Sta Isabel,Cucuta,Norte de Santander,4.985241194871028,4.8793664415187,4.205258920299854,4.274648411088573,5.494770642179336,5.907837012547965,6.615811409304341,6.881266154699291,6.482083488732897,5.76931738476224,5.163164206968555,4.309950944040947,5.414059684251144
Risaralda,El Zulia,Norte de Santander,4.984311619034367,4.771010565197846,4.655624078898266,4.0704070299189,5.391361295022344,5.3825799317009535,6.455777252559126,6.43826821389044,6.205961025325249,5.333562475992135,4.827109512163112,4.432761031316835,5.245727835918298
Tama Parque Nal,Herran,Norte de Santander,4.701450903691001,4.051007749201383,3.792481389578164,2.655053681950234,2.32749261491197,2.420725022104332,2.8643432874133654,3.0268671981213693,3.0006388736848497,2.885969836614998,3.246094480232411,3.401729304851756,3.197821195196319
Playa La,La Playa,Norte de Santander,5.956872690641835,5.632045399258044,4.766357814755349,4.133357317537343,4.485466615855752,5.769253873063469,6.63254931266853,6.240421379695572,4.837962537940986,4.614885736855077,4.625065510399563,5.154518908339357,5.237396424750908
Apto Aguas Claras,Ocana,Norte de Santander,6.954376344086021,6.167722370145818,4.954747158218125,4.433040032264571,4.665947645532072,5.803858972880424,6.528699392721616,5.928723928197148,5.118282518032264,4.834721329669126,5.102698256932141,6.074650995093154,5.547289078647707
Univ Fco P Santand,Ocana,Norte de Santander,5.814275510801475,5.321546294124292,4.042086397437481,3.5640975620803217,4.100943518846743,4.971668103448275,5.801220430107527,5.300886335346152,4.2241599688877365,4.245285249789143,3.9726022988505756,4.728029032258063,4.673900058498149
Iser Pamplona,Pamplona,Norte de Santander,5.202598218010092,4.644099270523074,3.784354358678955,3.256546162402669,3.503705448183167,3.706465649663648,4.114892473118279,4.500982359645211,4.459309550293977,3.9795975217386106,4.046532567049809,4.624576769887688,4.151971695766266
Francisco Romero,Salazar,Norte de Santander,3.5604701054490673,3.0639618682722136,2.7466213488237963,2.8474968071519795,3.89966011617847,4.448855218855218,5.114658262266716,5.048696810954875,4.84259076810801,3.778900247776777,3.5492592592592596,3.665529600791002,3.8805583678239484
Salazar,Salazar,Norte de Santander,4.84130752688172,4.06158389822183,3.2723728701406123,3.2325489189928835,4.167913070449887,4.853088712054229,5.313037943393895,5.939917114695341,5.543880000000001,5.02915120504264,4.627645977011494,4.499835774022871,4.61519025090895
Silos,Silos,Norte de Santander,5.182639970337412,4.677204692672822,3.7757806734113752,2.506759048741808,2.270422640382318,2.2040665024630544,2.9366360074495743,3.3559918074756787,3.3997402448551868,3.024368906680735,3.391798573216198,4.301127041019513,3.4188780090588065
Tibu,Tibu,Norte de Santander,5.047528890885878,4.828438394487442,3.882401731763125,3.962052264466057,5.119172155857556,5.932474255489057,6.4794936417274,6.785768219832736,5.999423475903773,5.3531009862025805,4.81615858721915,4.277790024544553,5.206983552364943
Michoacan,Colon,Putumayo,3.2079495811672833,2.681831296861282,1.9965369140746452,1.976620742174891,1.7169160012447695,1.1732943437469303,1.2320235094615948,1.6660996932050658,2.081354731116584,2.8155221590757495,3.2611306282948753,3.204279268397734,2.251129905735117
Mocoa Acueducto,Mocoa,Putumayo,3.2388839187152136,2.978579654312038,2.6080919659331574,2.6729660856384996,2.4477810361681325,2.2207196401799103,2.3758552802451827,2.952363438934073,3.599970014992504,3.794351916184175,3.6022187192118222,3.59148203946591,3.006938642498385
Pto Leguizamo,Puerto Leguizamo,Putumayo,5.291590179074142,4.2853144779868915,3.4238640584602344,3.209282527817011,3.2719334394502697,3.24652604620676,3.5434558467772326,4.251523045258148,4.7072530059756446,4.7907947606183745,4.907172178950083,4.989214480238032,4.159827003901069
Tagua La,Puerto Leguizamo,Putumayo,5.049372286667726,4.204150302748503,3.2189695362631854,3.040279984549849,2.870504383395162,2.8668587106273886,3.162899311180348,4.0747291445114024,4.448287637888931,4.642617257335181,4.862326630554258,5.213226245790421,3.9711851192926964
Primavera La,Sibundoy,Putumayo,3.326292812428857,2.7339577365367,2.205402419134135,2.099323423483139,2.0851558486787694,1.780383030006274,1.8352915648337296,2.065548837289838,2.4501682101806237,2.93551715798015,3.421044673717087,3.578513603003925,2.543049943106102
Pto Umbria,Villagarzon,Putumayo,4.445770577439561,3.5168916190590256,2.7665616746327744,3.0244742685475448,2.8681995889152203,2.694205877134692,2.8617555724874966,3.7758977989011355,4.191269383799224,4.572131360800482,4.358440624254417,4.48469880086543,3.630024762236417
Villagarzon,Villagarzon,Putumayo,3.4477914053043452,2.8578449404019697,2.2253966818632636,2.47098742930122,2.2776869776960154,1.8439716449952144,2.264610482072937,2.828352962218229,3.4529861187053528,3.6826416763587693,3.6347852823309217,3.172005914634947,2.8465884596569317
Apto El Eden,Armenia,Quindio,5.458166383701188,5.217820197044334,4.5210526315789465,4.224736842105265,4.129032258064514,4.553385057471265,5.744354838709677,6.10774193548387,4.9640873015873,4.43276740237691,4.4940000000000015,4.816774193548387,4.888659920139305
Bella La,Calarca,Quindio,4.199665471923536,4.094622331691298,4.251254480286739,3.338888888888889,3.496774193548387,4.207037037037037,4.740143369175628,4.76415770609319,4.0122222222222215,3.214336917562724,3.578531289910601,4.211827956989247,4.009121822110791
Apto Matecana,Pereira,Risaralda,6.048491155046826,5.671990455665025,4.984623655913978,4.360430107526882,4.4614919354838705,4.940912356321838,5.862122788761704,5.889025089605734,5.031290322580645,4.624451612903225,4.976052442528736,5.377516801075269,5.18569989361781
Bohemia La,Pereira,Risaralda,6.439450418160096,5.904927737378477,5.457794995388989,4.650174509519434,4.778348599495553,5.007448275862069,5.891070148489502,5.967695852534562,5.35230758889561,4.889637548213746,5.209526888341544,5.7865183187572065,5.444575073419732
Cedral El,Pereira,Risaralda,3.1389342716022632,2.943981503410383,2.371528751753156,2.165115775445611,2.1026949721620127,2.720064561874906,3.745895490671086,3.3820701547006142,2.6401962461229704,1.9745974252696996,2.145347222222222,2.5619897570011982,2.65770134435301
Veracruz,Pereira,Risaralda,4.492504997714489,4.33370583226905,3.604348961240157,3.0826655719759173,3.1936046024854376,3.695482493241113,4.428460585836114,4.122601567879655,3.5549487542888256,3.407338742393509,3.6741300039635347,3.9721528644828346,3.796828748147553
Pueblo Rico,Pueblo Rico,Risaralda,4.140851137720868,3.712592835539019,3.0827696558786655,2.9358061386355048,3.210182535553243,3.5469937656760315,4.067120406886813,4.148422385837291,3.0358062640277486,3.0504589622975957,3.563907572539886,3.8307836675745457,3.5271412773472672
Jazmin El,Santa Rosa de Cabal,Risaralda,5.066218875673827,4.8069435959432205,4.396875056425862,3.70171921182266,3.610415962866835,4.180875104427736,5.235166646067646,4.827523608607264,4.221296903651243,3.4661787591028896,3.600793650793651,4.257507191899045,4.28095954727349
Camelia La,Santuario,Risaralda,4.979551147365385,4.860316360303281,4.192781325042512,3.667177342118157,3.7715464112878485,4.189471628972035,5.570502301739788,5.564001922424244,4.565650421514738,3.50744401982886,3.6064912047260442,4.076533659715511,4.379288978753199
Apto El Embrujo,Providencia,San Andres Providencia y Sta C,7.480931899641576,8.231350061576352,8.687772177419356,8.934123084291189,7.575651881720431,6.5015424545791625,6.948559139784947,7.597324869267257,6.710802469135802,6.003374543313768,5.861917333743841,6.4636673870700925,7.249751441795315
Albania,Albania,Santander,4.59541862210216,3.965676701331875,3.188980339242619,2.7467332795590513,3.217414812212833,3.34778333765448,4.305209016266728,4.369220925108206,4.160443201122914,3.5019927799580786,3.6548598212300565,4.246057948836372,3.774982565385448
Apto Yariguies,Barrancabermeja,Santander,7.166921658986174,6.336909591422775,4.976589861751152,4.888944409304941,5.352393811122464,5.861438223540558,6.78247619047619,6.620597371565115,6.067286079182631,5.421121565113501,5.580060755336618,6.113602150537634,5.9306951390283125
Univ Ind Santander,Bucaramanga,Santander,5.929310759366861,4.332115848765419,3.289774993657671,3.5797536465685287,3.688948726121608,2.9632041310171986,3.843682898694022,3.8168696540142593,3.5849326765188834,3.5318050148312934,4.418794076038904,5.275740002118757,4.0212443689761175
Capitanejo,Capitanejo,Santander,7.88066577177092,7.502882092982203,6.878374963583877,6.230090211934483,6.22965530551515,6.219675210287575,6.842521630492557,6.833532704444253,6.2770880659834285,6.1170418011945,6.512350691102177,7.530954055148198,6.754569375369943
Tinaga Gja,Cerrito,Santander,6.769603312025514,5.730465651237409,5.584954312215554,4.440185377236195,4.209323712507074,3.864268045592909,4.8540083972990455,4.6248065178240365,4.567576354679804,4.288359489185797,4.984220897070261,6.142638474058384,5.005034211744332
Charala,Charala,Santander,6.870364757137559,6.296453308360984,5.2440087027914615,4.6563867598557245,4.5710153367056865,4.731650603269793,5.164750527961826,5.175282161474975,4.8754596123926675,5.131757735352205,5.47777255311738,6.292082111436949,5.373915347488101
Cimitarra,Cimitarra,Santander,6.009016990555955,5.783995226484881,4.39106081615277,4.879391309839586,5.702645185737511,6.141831501831501,6.615789351851852,6.6799929115138825,5.956117779235106,5.677268507259945,5.54502919175333,5.6366570509236436,5.751566318594997
Apto Palonegro,Lebrija,Santander,6.83018975332068,5.896008403361345,4.710056925996205,4.58500676132522,4.7702834799608995,4.835656565656566,5.332157258064516,5.280224828934505,5.034545454545454,4.896270161290323,4.934183211424591,5.774495967741935,5.23992323096852
Esc Agr Mogotes,Mogotes,Santander,6.925747737762521,6.369166832288818,5.505861710143887,4.769506841817188,4.799320276497696,5.063451189151968,5.784289117538004,5.760021999752812,5.28172158365262,4.984212087504634,5.393583036068172,6.340681855957449,5.581463689011314
Cucharo El,Pinchote,Santander,7.3402811986863705,6.749949364246996,6.060874283288462,5.665936836343732,5.824876414828315,6.082255295239836,6.682285042128546,6.554310994585924,6.011814630361429,5.57992757667001,6.329000906876161,6.934842468432567,6.318029584307362
Campo Capote,Puerto Parra,Santander,5.983943683442772,5.542571407343047,4.437140034930717,4.61774431923722,5.255132959746747,5.743804334478061,6.610640096138565,6.078703434473389,5.6871327825670495,5.067348919811563,5.181156625498101,5.559826345503359,5.4804287452642155
Villa Leiva,Sabana de Torres,Santander,7.485596029014341,6.494847339471163,5.00361092272443,4.667836101083154,5.0960374828137684,5.603066105196251,6.4164729012876265,6.249961888871232,5.70020830424056,5.307669934601436,5.524701154103453,6.51768177578337,5.838974161599232
Cachiri,Surata,Santander,6.839236410975008,6.276111452105524,5.548280958319892,4.42800014374727,4.301008209041507,4.825283929285745,5.4063082859698275,4.986441454833756,4.3749289246300735,3.9639491157537257,4.688231996481234,5.94594091898943,5.13197681667775
Vivero Surata,Surata,Santander,6.715535151491074,6.185212100279989,5.315745625626312,4.296114594218042,4.045137228074859,4.341131106873598,5.126873405621995,4.963672107040217,4.562525557497748,4.2429587235518555,5.0113798400339,5.831795581405901,5.053173418476291
Berlin Automatica,Tona,Santander,7.1620083406837285,6.434917692203565,5.199126879328286,3.849542044767091,3.50523759972251,3.53640950262196,4.009972442118122,4.314339066330348,4.410291607370918,4.116105877903802,4.943798105052565,6.43378161050977,4.826294230717721
Velez Granja,Velez,Santander,6.73853041770849,6.070772616505586,4.904406116619413,4.020487059284314,4.1841489657095305,4.786376487791608,5.314727078837204,5.429230245057613,5.03075896687391,4.3480547584153335,4.81810750449605,6.1748452167039485,5.151703786166916
Zapatoca,Zapatoca,Santander,6.529080147808571,5.978809296250184,5.358816960702309,4.46675908382805,4.565945997832456,3.91806732564027,5.558914045872017,5.9047356610528485,5.432501627391432,4.749180523663325,4.7777122179650915,5.6801303340708245,5.243387768506448
Primates,Coloso,Sucre,5.76555678213121,6.280068764543247,5.992689637487701,4.6474098843940235,3.862843437152391,4.281390914066776,4.889773854476519,4.4570449739681735,4.422455970082591,4.083197139456316,4.206779883672328,4.7775114846221625,4.805560227171119
Apto Rafael Barvo,Corozal,Sucre,7.5921720797246515,7.165337433622369,5.985777533877764,4.8448717948717945,4.5988980760515785,5.585763736263735,6.089632091212459,5.736880159241262,4.474596305086322,4.772173219443644,5.121874119331312,6.631814338748588,5.716649240622956
Majagual,Majagual,Sucre,6.838301717958224,6.733768604798777,5.346726329668384,4.50671794871795,4.453348269029848,5.423584310785785,6.155655969836614,5.9646272527364665,5.024013961517409,4.919610571440208,5.590183840828124,5.794395471849328,5.56257785409726
Univ de Sucre,Sampues,Sucre,7.32590719763372,6.7983012930969515,5.677014652014652,4.786044256783173,4.392313681868743,5.460430185153728,5.968853166468874,5.516446861829927,4.685805868545472,4.564250958417441,4.909139244663382,6.149266457032032,5.519481151959007
San Benito Abad,San Benito Abad,Sucre,8.220891852770885,7.652956413531125,6.228436755124742,5.669918688803747,5.230181527560968,6.275225538491259,7.037087032069038,6.766151279199109,5.7183390855277825,5.756686850608166,6.0100631741821395,7.186695468509984,6.479386138864911
Salto El,Ambalema,Tolima,6.262543380230123,5.6783071423085225,4.837102614898388,4.899085172122309,5.443122091520314,5.666603554266824,6.370397274720932,6.285752052545156,5.770867533393457,5.408708366461854,5.604572123279019,5.924421748173139,5.679290254493336
Armero Gja,Armero,Tolima,6.758055803476562,6.100750845578431,5.18597903747014,5.2579034566965595,5.676607341490544,6.531758507675024,6.982125063235654,6.902248922186598,6.369626084600158,5.958768788197519,6.079462385209512,6.183327359617682,6.165551132952866
Mesa de Pole,Ataco,Tolima,4.640297812490287,4.321886378693751,3.958699758527264,3.800261558640804,4.103374294974036,4.5925692298559815,4.495866779705806,4.505427703118749,4.303320454176367,3.9104719126833483,4.077893627150921,4.424132360282816,4.261183489191677
Cajamarca,Cajamarca,Tolima,5.1617067412120035,4.943464398288377,4.394887398017877,3.828051016938334,3.952876664462476,4.100018084143996,4.4027690467267835,4.309839632067011,4.3065141468323365,4.186013310310917,4.283585300945586,4.817270404237308,4.3905830120152505
Demostracion Gja,Chaparral,Tolima,5.93626979685985,5.604572576130766,4.815384649610679,4.9331730706075545,5.497445161290322,5.670924329501915,5.804346755654432,5.801236095661847,5.574357237589995,5.218090475725561,4.952562628941939,5.798476604041119,5.467236615134666
Dolores Hda Madron,Dolores,Tolima,6.183960652703702,5.477576514322204,4.549655948114012,4.555911056376574,5.125560365403969,5.8085104861710555,6.0036986373094114,6.091876993402941,5.203540729635183,4.751700843650232,4.693802369001834,5.519593662270247,5.3304490215301135
Nataima,Espinal,Tolima,6.217505826579798,5.699817551541691,5.1802982880083865,5.070774021856067,5.508123311616081,5.766230677764566,6.309416593149477,6.507897664071189,6.0132605741464245,5.665457518429019,5.57170828378914,5.817742677048573,5.777352749000035
Apto Santiago Vila,Flandes,Tolima,6.694312859718867,6.083853114956565,5.361243227925208,5.424974160086891,5.736723290428518,5.989760189746397,6.388877206302123,6.404080288092234,6.177140861803532,6.147932364462931,6.116968960574658,6.441721893752957,6.08063236815424
Guamo,Guamo,Tolima,6.351653339311253,5.689291166329976,4.611704789566302,4.739619154470364,5.0802874925276,5.421278309919114,5.869739167368014,5.944085619683196,5.390755894311747,5.483663118751394,5.501681564570982,5.610424094080649,5.474515309240882
Esperanza La,Honda,Tolima,6.52413042395894,5.878404584600882,4.852960651914537,4.937210272335164,5.672696984541145,6.0289510119098555,6.7187674753253175,6.570186575649749,6.004760546377293,5.594651519213746,5.777487949573601,6.129799991114895,5.890833998876261
Apto Perales,Ibague,Tolima,5.765870527939493,5.134855948649051,4.473262952101662,4.556248216980976,5.00883229241405,5.639155890804596,6.222278225806453,6.296982310093653,5.966257879124955,5.1287325236046035,4.693030303030302,5.280459422506489,5.347163874421358
Cementos Diamante,Ibague,Tolima,6.545408780051161,5.699903442844329,5.027156393641377,5.009200971442351,5.582086110856969,5.763652660433021,6.467710264080159,6.317763207315488,5.7231668969600005,5.427410860264031,5.760385878489327,6.058343438367861,5.781849075395506
Perales Hato Opia,Ibague,Tolima,5.895820797903565,5.186421813278577,4.5918281765794395,4.454814586149991,5.147932651887252,5.685441824151915,6.276789081594816,6.354827377387165,5.8336225141397575,5.1094867953979275,4.834415154950869,5.482766766566463,5.404513961665644
Garcia Hda,Lerida,Tolima,6.793800841514726,6.352705591648619,5.454971448607494,5.549838035527691,5.927746823069402,6.574723590585661,7.1679621095750115,7.0647525870495835,6.6938173770257725,6.171374474053297,6.374761904761904,6.499779825908857,6.385519550777335
Quinta La,Lerida,Tolima,6.685449167621952,6.157073296117257,5.197198314526425,5.4463142754891525,5.533071666033542,6.29304019947698,6.886656729865041,7.079044538603517,6.599214481167851,6.10759365270899,6.097994543132475,6.447563158466384,6.210851168600796
Anchique,Natagaima,Tolima,7.39487927590457,6.63410623886636,5.773495554624586,5.768113895433236,6.320192785215031,6.431878506431309,6.805025050407054,6.808513526382928,6.476899830430257,6.282574486500883,6.349412709470181,6.754573972917335,6.483305486048643
Apto Planadas,Planadas,Tolima,4.6589710789766405,4.226443841270803,3.8743131902885217,3.6058054239613466,3.980025726998252,4.0753863205759755,3.9448921300950346,4.325100543569857,4.035,3.12113251227823,3.9520216118491986,4.971185829372704,4.064189850769714
Pst de Monta,Prado,Tolima,6.53619947109565,5.8297935142762745,4.823175353944415,4.6185906416974705,4.799090513562983,5.432358959409185,5.793743890518084,5.930221571242027,5.443875962250222,5.74677819842072,5.6943733471915285,5.999223712109407,5.553952094643165
Lozania,Purificacion,Tolima,6.234311481096079,5.511394564088529,4.479250926839376,3.9647036705312573,4.5088161804918885,4.915604719773753,5.373853530152868,5.236501212627439,4.805024913651549,4.883329724953368,5.2966114359094645,5.929860426929393,5.094938565587081
Sta Helena,Purificacion,Tolima,4.088549581839904,3.7725369458128077,3.3129032258064512,3.2583333333333337,3.952236559139785,5.612,5.898431590656284,6.182903225806451,5.294851851851851,3.590645161290322,3.4993289473684213,3.885610599078342,4.362360918498663
Jabalcon,Saldana,Tolima,6.739075784688302,5.915827824183147,5.06907541791705,4.855069198236759,5.012871456500488,5.278400670211015,5.830197947214077,5.938047670992973,5.714733027751357,5.833986142602324,5.7775601774011776,6.325127289727571,5.690831050618853
San Antonio Quinta,San Antonio,Tolima,5.538897923030292,4.986867139048472,4.389877853877736,4.188690770188986,4.828058762609797,4.864968422382215,5.055746199480905,5.179662883383485,5.044577838631705,4.857537298938855,4.474701223756141,5.38296702594198,4.899379445105882
Albania,San Sebastian de Mariquita,Tolima,5.719888333895122,5.37166158984,4.528615917680706,4.910375027489226,5.090874330510502,5.8002883314063425,6.320483102918587,6.440507356022894,5.830420683373064,5.47471744587203,5.032249142744646,5.136360663530019,5.471370160440261
Villahermosa,Villahermosa,Tolima,4.2836961128252105,3.846293884872045,3.6637835949408815,3.5670806075995123,4.3463274996097025,5.4904076309274075,6.049885578883944,6.039819743277362,5.073279176549291,4.128935024807104,3.534572971090213,4.134082170128453,4.51318033295926
Argelia El Recreo,Argelia,Valle del Cauca,4.037716013824885,3.9229233205218432,3.6807572472815595,3.7197647783251226,3.710629800307219,4.21639846743295,5.216228613803698,5.176082949308756,4.2254351395730705,3.3851379228854204,3.5189926739926736,3.5611308046791916,4.030933144328032
Apto Buenaventura,Buenaventura,Valle del Cauca,2.803378136200717,3.101627583292039,3.0904022301871765,3.513333333333333,3.179868578255675,3.335870279146141,3.7211285522273427,3.960990192603096,3.0784020146520144,3.225368072787427,2.9370029799914854,2.757330367074527,3.225391859979247
Bajo Calima,Buenaventura,Valle del Cauca,2.897956280278863,2.7556349199757246,2.451652659333416,2.706185331143951,2.6128586759538392,2.4914281476773135,2.759234291224523,2.734066498770319,2.2609755250579835,2.2707234480062715,2.540134357383783,2.748297420281521,2.6024289629239585
Colpuertos,Buenaventura,Valle del Cauca,3.8997682678216603,3.9752292303481958,3.7792688172043007,3.842577876420241,3.7603053951774745,3.8780804597701155,4.364543347827551,4.087640588307997,3.650416853261681,3.582727143083093,3.6319893284650195,3.56519704204195,3.8348120291441066
Mision La,Buenaventura,Valle del Cauca,2.479410758451839,2.8320392075445584,2.7435870998774226,2.7755316147968903,2.6425506515175594,2.526107641332395,2.7274045424621463,2.764536286644184,2.2046140888298256,2.2576032452283843,2.121149908239158,2.236617566381391,2.525929384275479
Univ del Valle,Cali,Valle del Cauca,5.434021792768466,5.188184323779807,4.973323540327618,4.5577237284158825,4.5837255967830215,5.162022441160372,5.958810271158188,5.990965656257379,5.0907277869002,4.548476291705657,4.5125616101414305,4.809880436315571,5.0675352896428
Tenerife,El Cerrito,Valle del Cauca,4.979065257693734,4.440203810320607,3.932736847905763,3.1714277495632244,3.3656747179405695,4.063080100954813,4.4975814838356545,4.479558769002596,3.966950444191824,3.4572102109009126,3.2719419462921007,4.094620732372034,3.976671005914486
Cenicana,Florida,Valle del Cauca,5.796533926585093,5.377373160311379,5.1232819074333795,4.623030303030304,4.407214541730672,5.065238095238095,5.523174968912296,5.712501544926462,5.039563083955099,5.096774193548387,4.712631578947369,5.261799660441426,5.144926413754996
Vinculo El,Guadalajara de Buga,Valle del Cauca,5.663145073360846,5.578163712405091,5.052913131671196,4.453395979988285,4.507414967665459,5.053130758896276,5.8043321172555045,5.641238581588971,4.79469372985465,4.7647301340113355,4.84683208285967,5.236712506485504,5.116391898003566
Cent Admo La Union,La Union,Valle del Cauca,4.909089318257791,4.8259455215920735,4.938626401469004,4.290323572110241,4.427534973807084,4.640707341615387,5.880649233482567,5.908576344086023,4.922418239626752,4.386058853973551,4.389706419831559,4.476119441107934,4.83297963841333
Apto A Bonilla,Palmira,Valle del Cauca,5.8221222233458025,5.567810960591133,5.181998132586369,4.734621647509579,4.595766129032259,5.012083333333334,5.851102150537637,6.076661610543701,5.336659700452804,5.046719688542825,5.070444444444444,5.280030705413423,5.298001727194443
Palmira Ica,Palmira,Valle del Cauca,5.3812151533253685,5.266059113300493,4.648750945494994,4.403346104725416,4.319337634408603,4.731091954022988,5.589999113789437,5.553783353245721,4.8803492484526965,4.671115514592933,4.770178179164387,5.195358422939068,4.950882061455175
San Emigdio,Palmira,Valle del Cauca,4.455317068968427,4.262960851106739,3.8888968014347003,3.4145477482819437,3.264797586543972,3.513704146002996,4.0932062173562755,4.3203431281670985,3.6488131311328464,3.596038117014201,3.3038048388822077,3.819693482646033,3.798510259794787
Julio Fernandez,Restrepo,Valle del Cauca,5.001209677419355,4.887059892672711,4.880873655913978,4.1726221264367815,4.139516129032257,4.507399425287355,5.154953917050691,5.162755376344087,4.447069991789819,3.8211179749986757,3.9414285714285717,4.953811827956989,4.589151547194272
Cumbarco,Sevilla,Valle del Cauca,4.183730531117628,3.9051137804641707,3.312695340501791,2.8176525297619044,2.9792151391022355,3.738009193048125,4.573257482771407,4.543817063335436,3.5094864532019705,2.822005641252111,3.010448033766999,3.3067607464343465,3.558515994563177
Buitrera La,Yumbo,Valle del Cauca,3.469445852534563,3.522402200609098,3.161858495414294,2.7647808908045977,2.57995130807735,2.8758784893267655,4.1339244111623135,4.573147383877709,3.7210317018909906,2.9758419085058,2.6153689284390063,2.6896264666834115,3.256938169777159
Ing Riopaila,Zarzal,Valle del Cauca,5.683636363636364,5.9371809225257515,5.2169354838709685,4.798770460634344,4.97991202346041,5.290844330920959,5.880967741935484,6.191756272401434,5.697365900383141,4.988569971926479,4.895161840075633,4.895633284031504,5.371394549650206
Cumaribo,Cumaribo,Vichada,7.569420098699277,7.170068150240564,5.609947196620583,4.5120153832858,3.901789503328213,3.6248463676658402,3.997346434309727,4.322680934113027,5.114575579273854,5.463494254570507,6.218758255792738,7.079270687237026,5.382017737094762
Gaviotas Las,Cumaribo,Vichada,8.177260258942287,7.159649894440534,5.444416873449132,4.438835978835979,3.8446290328883075,3.674045892303281,3.8745770609318995,4.223627407593463,4.983952162014231,5.3462608394034,5.741386121753937,7.0319181806946,5.328379975270921
Tapon El,Cumaribo,Vichada,7.982427253593317,7.3652491174706025,6.3324361773143005,4.698671507842138,3.742547206409446,3.7548591237261193,3.8945567974735473,4.225218915723178,4.886337976017779,5.144340293040293,6.082363132557098,7.1044873137498765,5.4344579012431415
Tuparro Bocas Tomo,Cumaribo,Vichada,8.314338887140435,7.939135281420722,6.700126649585668,5.178254791063146,4.473231951453388,3.876202641195506,4.440631860680542,4.97150678350201,5.3177890977236375,5.999325084506438,6.5906532844688765,7.901365623630935,5.975213494697608
Apto Pto Carreno,Puerto Carreno,Vichada,8.445021179537306,8.157998208687864,7.219996741609645,5.732450980392155,4.622306067588324,4.1559595959595965,4.48717741935484,4.80664136622391,5.440505050505051,6.330846095362225,6.940882352941176,7.669354838709678,6.167428324739315
